home_team,away_team,home_score,home_xg,home_penalty,away_score,away_xg,away_penalty,home_manager,home_captain,away_manager,away_captain,Attendance,Venue,Round,Date,Score,Notes,Host,Year,,
Argentina,France,3,3.3,4,3,2.2,2,Lionel Scaloni,Lionel Messi,Didier Deschamps,Hugo Lloris,88966,"Lusail Iconic Stadium, Lusail",Final,12/18/2022,(4) 3–3 (2),Argentina won on penalty kicks following extra time,Qatar,2022,,
Croatia,Morocco,2,0.7,,1,1.2,,Zlatko Dalić,Luka Modrić,Hoalid Regragui,Hakim Ziyech,44137,"Khalifa International Stadium, Doha",Third-place match,12/17/2022,2–1,,Qatar,2022,,
France,Morocco,2,2,,0,0.9,,Didier Deschamps,Hugo Lloris,Hoalid Regragui,Romain Saïss,68294,"Al Bayt Stadium, Al Khor",Semi-finals,12/14/2022,2–0,,Qatar,2022,,
Argentina,Croatia,3,2.3,,0,0.5,,Lionel Scaloni,Lionel Messi,Zlatko Dalić,Luka Modrić,88966,"Lusail Iconic Stadium, Lusail",Semi-finals,12/13/2022,3–0,,Qatar,2022,,
Morocco,Portugal,1,1.4,,0,0.9,,Hoalid Regragui,Romain Saïss,Fernando Santos,Pepe,44198,"Al Thumama Stadium, ath-Thumāma",Quarter-finals,12/10/2022,1–0,,Qatar,2022,,
England,France,1,2.4,,2,0.9,,Gareth Southgate,Harry Kane,Didier Deschamps,Hugo Lloris,68895,"Al Bayt Stadium, Al Khor",Quarter-finals,12/10/2022,1–2,,Qatar,2022,,
Croatia,Brazil,1,0.6,4,1,2.5,2,Zlatko Dalić,Luka Modrić,Tite,Thiago Silva,43893,"Education City Stadium, Doha",Quarter-finals,12/9/2022,(4) 1–1 (2),Croatia won on penalty kicks following extra time,Qatar,2022,,
Netherlands,Argentina,2,0.6,3,2,1.9,4,Louis van Gaal,Virgil van Dijk,Lionel Scaloni,Lionel Messi,88235,"Lusail Iconic Stadium, Lusail",Quarter-finals,12/9/2022,(3) 2–2 (4),Argentina won on penalty kicks following extra time,Qatar,2022,,
Morocco,Spain,0,0.7,3,0,1,0,Hoalid Regragui,Romain Saïss,Luis Enrique,Sergio Busquets,44667,"Education City Stadium, Doha",Round of 16,12/6/2022,(3) 0–0 (0),Morocco won on penalty kicks following extra time,Qatar,2022,,
Portugal,Switzerland,6,2.3,,1,1.2,,Fernando Santos,Pepe,Murat Yakin,Granit Xhaka,83720,"Lusail Iconic Stadium, Lusail",Round of 16,12/6/2022,6–1,,Qatar,2022,,
Japan,Croatia,1,1.2,1,1,1.4,3,Hajime Moriyasu,Maya Yoshida,Zlatko Dalić,Luka Modrić,42523,"Al Janoub Stadium, Al Wakrah",Round of 16,12/5/2022,(1) 1–1 (3),Croatia won on penalty kicks following extra time,Qatar,2022,,
Brazil,Korea Republic,4,3.6,,1,0.5,,Tite,Thiago Silva,Paulo Bento,Son Heung-min,43847,"Stadium 974, Doha",Round of 16,12/5/2022,4–1,,Qatar,2022,,
France,Poland,3,1.4,,1,1.7,,Didier Deschamps,Hugo Lloris,Czesław Michniewicz,Robert Lewandowski,40989,"Al Thumama Stadium, ath-Thumāma",Round of 16,12/4/2022,3–1,,Qatar,2022,,
England,Senegal,3,1,,0,0.8,,Gareth Southgate,Harry Kane,Aliou Cissé,Kalidou Koulibaly,65985,"Al Bayt Stadium, Al Khor",Round of 16,12/4/2022,3–0,,Qatar,2022,,
Netherlands,United States,3,1.7,,1,1.5,,Louis van Gaal,Virgil van Dijk,Gregg Berhalter,Tyler Adams,44846,"Khalifa International Stadium, Doha",Round of 16,12/3/2022,3–1,,Qatar,2022,,
Argentina,Australia,2,1.6,,1,0.6,,Lionel Scaloni,Lionel Messi,Graham Arnold,Mathew Ryan,45032,"Ahmed bin Ali Stadium, Umm al-Afā'ī",Round of 16,12/3/2022,2–1,,Qatar,2022,,
Korea Republic,Portugal,2,1.7,,1,1.3,,Sérgio Costa,Son Heung-min,Fernando Santos,Cristiano Ronaldo,44097,"Education City Stadium, Doha",Group stage,12/2/2022,2–1,,Qatar,2022,,
Ghana,Uruguay,0,1.6,,2,1.8,,Otto Addo,André Ayew,Diego Alonso,Luis Suárez,43443,"Al Janoub Stadium, Al Wakrah",Group stage,12/2/2022,0–2,,Qatar,2022,,
Cameroon,Brazil,1,0.5,,0,2.5,,Rigobert Song,Vincent Aboubakar,Tite,Dani Alves,85986,"Lusail Iconic Stadium, Lusail",Group stage,12/2/2022,1–0,,Qatar,2022,,
Serbia,Switzerland,2,1.3,,3,2.7,,Dragan Stojković,Dušan Tadić,Murat Yakin,Granit Xhaka,41378,"Stadium 974, Doha",Group stage,12/2/2022,2–3,,Qatar,2022,,
Canada,Morocco,1,1.4,,2,0.5,,John Herdman,Milan Borjan,Hoalid Regragui,Romain Saïss,43102,"Al Thumama Stadium, ath-Thumāma",Group stage,12/1/2022,1–2,,Qatar,2022,,
Croatia,Belgium,0,0.7,,0,3,,Zlatko Dalić,Luka Modrić,Roberto Martínez,Kevin De Bruyne,43984,"Ahmed bin Ali Stadium, Umm al-Afā'ī",Group stage,12/1/2022,0–0,,Qatar,2022,,
Costa Rica,Germany,2,1.3,,4,5.7,,Luis Fernando Suárez,Keylor Navas,Hansi Flick,Manuel Neuer,67054,"Al Bayt Stadium, Al Khor",Group stage,12/1/2022,2–4,,Qatar,2022,,
Japan,Spain,2,1.4,,1,1,,Hajime Moriyasu,Maya Yoshida,Luis Enrique,Sergio Busquets,44851,"Khalifa International Stadium, Doha",Group stage,12/1/2022,2–1,,Qatar,2022,,
Australia,Denmark,1,0.6,,0,0.6,,Graham Arnold,Mathew Ryan,Kasper Hjulmand,Christian Eriksen,41232,"Al Janoub Stadium, Al Wakrah",Group stage,11/30/2022,1–0,,Qatar,2022,,
Tunisia,France,1,0.5,,0,0.8,,Jalel Kadri,Wahbi Khazri,Didier Deschamps,Raphaël Varane,43627,"Education City Stadium, Doha",Group stage,11/30/2022,1–0,,Qatar,2022,,
Saudi Arabia,Mexico,1,1.1,,2,2.3,,Hervé Renard,Salem Al-Dawsari,Tata Martino,Guillermo Ochoa,84985,"Lusail Iconic Stadium, Lusail",Group stage,11/30/2022,1–2,,Qatar,2022,,
Poland,Argentina,0,0.3,,2,3.5,,Czesław Michniewicz,Robert Lewandowski,Lionel Scaloni,Lionel Messi,44089,"Stadium 974, Doha",Group stage,11/30/2022,0–2,,Qatar,2022,,
Ecuador,Senegal,1,0.9,,2,2.1,,Gustavo Alfaro,Enner Valencia,Aliou Cissé,Kalidou Koulibaly,44569,"Khalifa International Stadium, Doha",Group stage,11/29/2022,1–2,,Qatar,2022,,
Netherlands,Qatar,2,1.6,,0,0.1,,Louis van Gaal,Virgil van Dijk,Félix Sánchez,Hassan Al-Haydos,66784,"Al Bayt Stadium, Al Khor",Group stage,11/29/2022,2–0,,Qatar,2022,,
IR Iran,United States,0,0.4,,1,1.2,,Carlos Queiroz,Ehsan Hajsafi,Gregg Berhalter,Tyler Adams,42127,"Al Thumama Stadium, ath-Thumāma",Group stage,11/29/2022,0–1,,Qatar,2022,,
Wales,England,0,0.3,,3,2.4,,Rob Page,Gareth Bale,Gareth Southgate,Harry Kane,44297,"Ahmed bin Ali Stadium, Umm al-Afā'ī",Group stage,11/29/2022,0–3,,Qatar,2022,,
Cameroon,Serbia,3,2.2,,3,1.9,,Rigobert Song,Eric Maxim Choupo-Moting,Dragan Stojković,Dušan Tadić,39789,"Al Janoub Stadium, Al Wakrah",Group stage,11/28/2022,3–3,,Qatar,2022,,
Korea Republic,Ghana,2,1.8,,3,1.6,,Paulo Bento,Son Heung-min,Otto Addo,André Ayew,43983,"Education City Stadium, Doha",Group stage,11/28/2022,2–3,,Qatar,2022,,
Brazil,Switzerland,1,1,,0,0.3,,Tite,Thiago Silva,Murat Yakin,Granit Xhaka,43649,"Stadium 974, Doha",Group stage,11/28/2022,1–0,,Qatar,2022,,
Portugal,Uruguay,2,1.3,,0,1.3,,Fernando Santos,Cristiano Ronaldo,Diego Alonso,Diego Godín,88668,"Lusail Iconic Stadium, Lusail",Group stage,11/28/2022,2–0,,Qatar,2022,,
Japan,Costa Rica,0,0.9,,1,0.1,,Hajime Moriyasu,Maya Yoshida,Luis Fernando Suárez,Keylor Navas,41479,"Ahmed bin Ali Stadium, Umm al-Afā'ī",Group stage,11/27/2022,0–1,,Qatar,2022,,
Belgium,Morocco,0,1,,2,1.5,,Roberto Martínez,Eden Hazard,Hoalid Regragui,Romain Saïss,43738,"Al Thumama Stadium, ath-Thumāma",Group stage,11/27/2022,0–2,,Qatar,2022,,
Croatia,Canada,4,2.6,,1,0.4,,Zlatko Dalić,Luka Modrić,John Herdman,Atiba Hutchinson,44374,"Khalifa International Stadium, Doha",Group stage,11/27/2022,4–1,,Qatar,2022,,
Spain,Germany,1,0.6,,1,1.3,,Luis Enrique,Sergio Busquets,Hansi Flick,Manuel Neuer,68895,"Al Bayt Stadium, Al Khor",Group stage,11/27/2022,1–1,,Qatar,2022,,
Tunisia,Australia,0,0.9,,1,0.6,,Jalel Kadri,Youssef Msakni,Graham Arnold,Mathew Ryan,41823,"Al Janoub Stadium, Al Wakrah",Group stage,11/26/2022,0–1,,Qatar,2022,,
Poland,Saudi Arabia,2,1.6,,0,1.7,,Czesław Michniewicz,Robert Lewandowski,Hervé Renard,Salem Al-Dawsari,44259,"Education City Stadium, Doha",Group stage,11/26/2022,2–0,,Qatar,2022,,
France,Denmark,2,2.4,,1,0.6,,Didier Deschamps,Hugo Lloris,Kasper Hjulmand,Kasper Schmeichel,42860,"Stadium 974, Doha",Group stage,11/26/2022,2–1,,Qatar,2022,,
Argentina,Mexico,2,0.3,,0,0.3,,Lionel Scaloni,Lionel Messi,Tata Martino,Andrés Guardado,88966,"Lusail Iconic Stadium, Lusail",Group stage,11/26/2022,2–0,,Qatar,2022,,
Wales,IR Iran,0,0.9,,2,1.4,,Rob Page,Gareth Bale,Carlos Queiroz,Ehsan Hajsafi,40875,"Ahmed bin Ali Stadium, Umm al-Afā'ī",Group stage,11/25/2022,0–2,,Qatar,2022,,
Qatar,Senegal,1,1,,3,0.8,,Félix Sánchez,Hassan Al-Haydos,Aliou Cissé,Kalidou Koulibaly,41797,"Al Thumama Stadium, ath-Thumāma",Group stage,11/25/2022,1–3,,Qatar,2022,,
Netherlands,Ecuador,1,0.1,,1,1.7,,Louis van Gaal,Virgil van Dijk,Gustavo Alfaro,Enner Valencia,44833,"Khalifa International Stadium, Doha",Group stage,11/25/2022,1–1,,Qatar,2022,,
England,United States,0,0.8,,0,0.6,,Gareth Southgate,Harry Kane,Gregg Berhalter,Tyler Adams,68463,"Al Bayt Stadium, Al Khor",Group stage,11/25/2022,0–0,,Qatar,2022,,
Switzerland,Cameroon,1,1.4,,0,0.7,,Murat Yakin,Granit Xhaka,Rigobert Song,Eric Maxim Choupo-Moting,39089,"Al Janoub Stadium, Al Wakrah",Group stage,11/24/2022,1–0,,Qatar,2022,,
Uruguay,Korea Republic,0,0.6,,0,0.6,,Diego Alonso,Diego Godín,Paulo Bento,Son Heung-min,41663,"Education City Stadium, Doha",Group stage,11/24/2022,0–0,,Qatar,2022,,
Portugal,Ghana,3,2,,2,0.9,,Fernando Santos,Cristiano Ronaldo,Otto Addo,André Ayew,42662,"Stadium 974, Doha",Group stage,11/24/2022,3–2,,Qatar,2022,,
Brazil,Serbia,2,2.4,,0,0.2,,Tite,Thiago Silva,Dragan Stojković,Dušan Tadić,88103,"Lusail Iconic Stadium, Lusail",Group stage,11/24/2022,2–0,,Qatar,2022,,
Morocco,Croatia,0,0.4,,0,0.5,,Hoalid Regragui,Romain Saïss,Zlatko Dalić,Luka Modrić,59407,"Al Bayt Stadium, Al Khor",Group stage,11/23/2022,0–0,,Qatar,2022,,
Germany,Japan,1,3.1,,2,1.5,,Hansi Flick,Manuel Neuer,Hajime Moriyasu,Maya Yoshida,42608,"Khalifa International Stadium, Doha",Group stage,11/23/2022,1–2,,Qatar,2022,,
Spain,Costa Rica,7,3.5,,0,0,,Luis Enrique,Sergio Busquets,Luis Fernando Suárez,Keylor Navas,40013,"Al Thumama Stadium, ath-Thumāma",Group stage,11/23/2022,7–0,,Qatar,2022,,
Belgium,Canada,1,0.8,,0,2.4,,Roberto Martínez,Eden Hazard,John Herdman,Atiba Hutchinson,40432,"Ahmed bin Ali Stadium, Umm al-Afā'ī",Group stage,11/23/2022,1–0,,Qatar,2022,,
Argentina,Saudi Arabia,1,2.2,,2,0.1,,Lionel Scaloni,Lionel Messi,Hervé Renard,Salman Al-Faraj,88012,"Lusail Iconic Stadium, Lusail",Group stage,11/22/2022,1–2,,Qatar,2022,,
Denmark,Tunisia,0,1.4,,0,0.9,,Kasper Hjulmand,Simon Kjær,Jalel Kadri,Youssef Msakni,42925,"Education City Stadium, Doha",Group stage,11/22/2022,0–0,,Qatar,2022,,
Mexico,Poland,0,0.7,,0,0.9,,Tata Martino,Guillermo Ochoa,Czesław Michniewicz,Robert Lewandowski,39369,"Stadium 974, Doha",Group stage,11/22/2022,0–0,,Qatar,2022,,
France,Australia,4,4,,1,0.5,,Didier Deschamps,Hugo Lloris,Graham Arnold,Mathew Ryan,40875,"Al Janoub Stadium, Al Wakrah",Group stage,11/22/2022,4–1,,Qatar,2022,,
England,IR Iran,6,2.1,,2,1.4,,Gareth Southgate,Harry Kane,Carlos Queiroz,Ehsan Hajsafi,45334,"Khalifa International Stadium, Doha",Group stage,11/21/2022,6–2,,Qatar,2022,,
Senegal,Netherlands,0,0.9,,2,0.7,,Aliou Cissé,Kalidou Koulibaly,Louis van Gaal,Virgil van Dijk,41721,"Al Thumama Stadium, ath-Thumāma",Group stage,11/21/2022,0–2,,Qatar,2022,,
United States,Wales,1,0.8,,1,1.5,,Gregg Berhalter,Tyler Adams,Rob Page,Gareth Bale,43418,"Ahmed bin Ali Stadium, Umm al-Afā'ī",Group stage,11/21/2022,1–1,,Qatar,2022,,
Qatar,Ecuador,0,0.3,,2,1.2,,Félix Sánchez,Hassan Al-Haydos,Gustavo Alfaro,Enner Valencia,67372,"Al Bayt Stadium, Al Khor",Group stage,11/20/2022,0–2,,Qatar,2022,,
France,Croatia,4,1.1,,2,1.1,,Didier Deschamps,Hugo Lloris,Zlatko Dalić,Luka Modrić,78011,"Olimpiyskiy stadion Luzhniki, Moskva",Final,7/15/2018,4–2,,Russia,2018,,
Belgium,England,2,1.5,,0,1,,Roberto Martínez,Eden Hazard,Gareth Southgate,Harry Kane,64406,"Gazprom Arena, Sankt-Petersburg",Third-place match,7/14/2018,2–0,,Russia,2018,,
Croatia,England,2,1.7,,1,0.6,,Zlatko Dalić,Luka Modrić,Gareth Southgate,Harry Kane,78011,"Olimpiyskiy stadion Luzhniki, Moskva",Semi-finals,7/11/2018,2–1,Required Extra Time,Russia,2018,,
France,Belgium,1,1.7,,0,0.4,,Didier Deschamps,Hugo Lloris,Roberto Martínez,Eden Hazard,64286,"Gazprom Arena, Sankt-Petersburg",Semi-finals,7/10/2018,1–0,,Russia,2018,,
Sweden,England,0,0.5,,2,1,,Janne Andersson,Andreas Granqvist,Gareth Southgate,Harry Kane,39991,"Cosmos Arena, Samara",Quarter-finals,7/7/2018,0–2,,Russia,2018,,
Russia,Croatia,2,1,3,2,1.7,4,Stanislav Cherchesov,Igor Akinfeev,Zlatko Dalić,Luka Modrić,44287,"Olimpiyskiy Stadion Fisht, Sochi",Quarter-finals,7/7/2018,(3) 2–2 (4),Croatia won on penalty kicks following extra time,Russia,2018,,
Uruguay,France,0,0.9,,2,0.5,,Óscar Tabárez,Diego Godín,Didier Deschamps,Hugo Lloris,43319,"Stadion Nizhny Novgorod, Nizhny Novgorod",Quarter-finals,7/6/2018,0–2,,Russia,2018,,
Brazil,Belgium,1,2.8,,2,0.5,,Tite,Miranda,Roberto Martínez,Eden Hazard,42873,"Kazan Arena, Kazan",Quarter-finals,7/6/2018,1–2,,Russia,2018,,
Sweden,Switzerland,1,1.3,,0,0.7,,Janne Andersson,Andreas Granqvist,Vladimir Petković,Valon Behrami,64042,"Gazprom Arena, Sankt-Petersburg",Round of 16,7/3/2018,1–0,,Russia,2018,,
Colombia,England,1,0.6,3,1,2.1,4,José Pekerman,Radamel Falcao,Gareth Southgate,Harry Kane,44190,"Otkrytie Arena, Moskva",Round of 16,7/3/2018,(3) 1–1 (4),England won on penalty kicks following extra time,Russia,2018,,
Brazil,Mexico,2,2.7,,0,0.7,,Tite,Thiago Silva,Juan Carlos Osorio,Rafael Márquez,41970,"Cosmos Arena, Samara",Round of 16,7/2/2018,2–0,,Russia,2018,,
Belgium,Japan,3,2.5,,2,0.7,,Roberto Martínez,Eden Hazard,Akira Nishino,Makoto Hasebe,41466,"Rostov Arena, Rostov-na-Donu",Round of 16,7/2/2018,3–2,,Russia,2018,,
Spain,Russia,1,1.8,3,1,1,4,Fernando Hierro,Sergio Ramos,Stanislav Cherchesov,Igor Akinfeev,78011,"Olimpiyskiy stadion Luzhniki, Moskva",Round of 16,7/1/2018,(3) 1–1 (4),Russia won on penalty kicks following extra time,Russia,2018,,
Croatia,Denmark,1,2.5,3,1,0.9,2,Zlatko Dalić,Luka Modrić,Åge Hareide,Simon Kjær,40851,"Stadion Nizhny Novgorod, Nizhny Novgorod",Round of 16,7/1/2018,(3) 1–1 (2),Croatia won on penalty kicks following extra time,Russia,2018,,
France,Argentina,4,2.2,,3,0.8,,Didier Deschamps,Hugo Lloris,Jorge Sampaoli,Lionel Messi,42873,"Kazan Arena, Kazan",Round of 16,6/30/2018,4–3,,Russia,2018,,
Uruguay,Portugal,2,0.6,,1,1,,Óscar Tabárez,Diego Godín,Fernando Santos,Cristiano Ronaldo,44287,"Olimpiyskiy Stadion Fisht, Sochi",Round of 16,6/30/2018,2–1,,Russia,2018,,
Japan,Poland,0,0.7,,1,1.4,,Akira Nishino,Eiji Kawashima,Adam Nawałka,Robert Lewandowski,42189,"Volgograd Arena, Volgograd",Group stage,6/28/2018,0–1,,Russia,2018,,
Senegal,Colombia,0,0.5,,1,0.3,,Aliou Cissé,Cheikhou Kouyaté,José Pekerman,Radamel Falcao,41970,"Cosmos Arena, Samara",Group stage,6/28/2018,0–1,,Russia,2018,,
England,Belgium,0,0.9,,1,1.3,,Gareth Southgate,Eric Dier,Roberto Martínez,Thibaut Courtois,33973,"Kaliningrad Stadium, Kaliningrad",Group stage,6/28/2018,0–1,,Russia,2018,,
Panama,Tunisia,1,0.6,,2,2.1,,Hernán Darío Gómez,Román Torres,Nabil Maâloul,Aymen Mathlouthi,37168,"Mordovia Arena, Saransk",Group stage,6/28/2018,1–2,,Russia,2018,,
Korea Republic,Germany,2,1.7,,0,2.7,,Shin Taeyong,Son Heung-min,Joachim Löw,Manuel Neuer,41835,"Kazan Arena, Kazan",Group stage,6/27/2018,2–0,,Russia,2018,,
Mexico,Sweden,0,1.4,,3,2.4,,Juan Carlos Osorio,Andrés Guardado,Janne Andersson,Robin Olsen,33061,"Stadion Central'nyj, Yekaterinburg",Group stage,6/27/2018,0–3,,Russia,2018,,
Switzerland,Costa Rica,2,1.4,,2,1.5,,Vladimir Petković,Stephan Lichtsteiner,Oscar Ramírez,Bryan Ruiz,43319,"Stadion Nizhny Novgorod, Nizhny Novgorod",Group stage,6/27/2018,2–2,,Russia,2018,,
Serbia,Brazil,0,0.8,,2,1.4,,Mladen Krstajić,Aleksandar Kolarov,Tite,Miranda,44190,"Otkrytie Arena, Moskva",Group stage,6/27/2018,0–2,,Russia,2018,,
Australia,Peru,0,0.9,,2,0.2,,Bert van Marwijk,Mile Jedinak,Ricardo Gareca,Paolo Guerrero,44073,"Olimpiyskiy Stadion Fisht, Sochi",Group stage,6/26/2018,0–2,,Russia,2018,,
Denmark,France,0,0.2,,0,0.4,,Åge Hareide,Simon Kjær,Didier Deschamps,Raphaël Varane,78011,"Olimpiyskiy stadion Luzhniki, Moskva",Group stage,6/26/2018,0–0,,Russia,2018,,
Iceland,Croatia,1,2.1,,2,0.7,,Heimir Hallgrímsson,Aron Gunnarsson,Zlatko Dalić,Luka Modrić,43472,"Rostov Arena, Rostov-na-Donu",Group stage,6/26/2018,1–2,,Russia,2018,,
Nigeria,Argentina,1,1.4,,2,0.9,,Gernot Rohr,John Obi Mikel,Jorge Sampaoli,Lionel Messi,64468,"Gazprom Arena, Sankt-Petersburg",Group stage,6/26/2018,1–2,,Russia,2018,,
Saudi Arabia,Egypt,2,2.6,,1,0.8,,Juan Antonio Pizzi,Osama Hawsawi,Héctor Cúper,Essam El-Hadary,36823,"Volgograd Arena, Volgograd",Group stage,6/25/2018,2–1,,Russia,2018,,
Uruguay,Russia,3,2.4,,0,0.1,,Óscar Tabárez,Diego Godín,Stanislav Cherchesov,Igor Akinfeev,41970,"Cosmos Arena, Samara",Group stage,6/25/2018,3–0,,Russia,2018,,
Spain,Morocco,2,2.9,,2,1.2,,Fernando Hierro,Sergio Ramos,Hervé Renard,M'barek Boussoufa,33973,"Kaliningrad Stadium, Kaliningrad",Group stage,6/25/2018,2–2,,Russia,2018,,
IR Iran,Portugal,1,1.4,,1,1.3,,Carlos Queiroz,Ehsan Hajsafi,Fernando Santos,Cristiano Ronaldo,41685,"Mordovia Arena, Saransk",Group stage,6/25/2018,1–1,,Russia,2018,,
England,Panama,6,2.8,,1,1.1,,Gareth Southgate,Harry Kane,Hernán Darío Gómez,Román Torres,43319,"Stadion Nizhny Novgorod, Nizhny Novgorod",Group stage,6/24/2018,6–1,,Russia,2018,,
Japan,Senegal,2,0.9,,2,1.4,,Akira Nishino,Makoto Hasebe,Aliou Cissé,Sadio Mané,32572,"Stadion Central'nyj, Yekaterinburg",Group stage,6/24/2018,2–2,,Russia,2018,,
Poland,Colombia,0,1.1,,3,2.1,,Adam Nawałka,Robert Lewandowski,José Pekerman,Radamel Falcao,42873,"Kazan Arena, Kazan",Group stage,6/24/2018,0–3,,Russia,2018,,
Belgium,Tunisia,5,5.2,,2,1.1,,Roberto Martínez,Eden Hazard,Nabil Maâloul,Wahbi Khazri,44190,"Otkrytie Arena, Moskva",Group stage,6/23/2018,5–2,,Russia,2018,,
Korea Republic,Mexico,1,0.9,,2,1.9,,Shin Taeyong,Cho Hyun-woo,Juan Carlos Osorio,Guillermo Ochoa,43472,"Rostov Arena, Rostov-na-Donu",Group stage,6/23/2018,1–2,,Russia,2018,,
Germany,Sweden,2,1.4,,1,0.9,,Joachim Löw,Manuel Neuer,Janne Andersson,Andreas Granqvist,44287,"Olimpiyskiy Stadion Fisht, Sochi",Group stage,6/23/2018,2–1,,Russia,2018,,
Brazil,Costa Rica,2,2.6,,0,0.1,,Tite,Thiago Silva,Oscar Ramírez,Bryan Ruiz,64468,"Gazprom Arena, Sankt-Petersburg",Group stage,6/22/2018,2–0,,Russia,2018,,
Nigeria,Iceland,2,0.9,,0,1.3,,Gernot Rohr,John Obi Mikel,Heimir Hallgrímsson,Aron Gunnarsson,40904,"Volgograd Arena, Volgograd",Group stage,6/22/2018,2–0,,Russia,2018,,
Serbia,Switzerland,1,1.5,,2,2.1,,Mladen Krstajić,Aleksandar Kolarov,Vladimir Petković,Stephan Lichtsteiner,33167,"Kaliningrad Stadium, Kaliningrad",Group stage,6/22/2018,1–2,,Russia,2018,,
Denmark,Australia,1,0.8,,1,1.3,,Åge Hareide,Simon Kjær,Bert van Marwijk,Mile Jedinak,40727,"Cosmos Arena, Samara",Group stage,6/21/2018,1–1,,Russia,2018,,
France,Peru,1,2,,0,0.4,,Didier Deschamps,Hugo Lloris,Ricardo Gareca,Paolo Guerrero,32789,"Stadion Central'nyj, Yekaterinburg",Group stage,6/21/2018,1–0,,Russia,2018,,
Argentina,Croatia,0,1.3,,3,1.9,,Jorge Sampaoli,Lionel Messi,Zlatko Dalić,Luka Modrić,43319,"Stadion Nizhny Novgorod, Nizhny Novgorod",Group stage,6/21/2018,0–3,,Russia,2018,,
Portugal,Morocco,1,1.2,,0,0.9,,Fernando Santos,Cristiano Ronaldo,Hervé Renard,Medhi Benatia,78011,"Olimpiyskiy stadion Luzhniki, Moskva",Group stage,6/20/2018,1–0,,Russia,2018,,
Uruguay,Saudi Arabia,1,1.7,,0,0.3,,Óscar Tabárez,Diego Godín,Juan Antonio Pizzi,Osama Hawsawi,42678,"Rostov Arena, Rostov-na-Donu",Group stage,6/20/2018,1–0,,Russia,2018,,
IR Iran,Spain,0,0.7,,1,1.9,,Carlos Queiroz,Ehsan Hajsafi,Fernando Hierro,Sergio Ramos,42718,"Kazan Arena, Kazan",Group stage,6/20/2018,0–1,,Russia,2018,,
Colombia,Japan,1,1,,2,2,,José Pekerman,Radamel Falcao,Akira Nishino,Makoto Hasebe,40842,"Mordovia Arena, Saransk",Group stage,6/19/2018,1–2,,Russia,2018,,
Poland,Senegal,1,0.8,,2,1,,Adam Nawałka,Robert Lewandowski,Aliou Cissé,Sadio Mané,44190,"Otkrytie Arena, Moskva",Group stage,6/19/2018,1–2,,Russia,2018,,
Russia,Egypt,3,1.2,,1,1.4,,Stanislav Cherchesov,Igor Akinfeev,Héctor Cúper,Ahmed Fathy,64468,"Gazprom Arena, Sankt-Petersburg",Group stage,6/19/2018,3–1,,Russia,2018,,
Sweden,Korea Republic,1,2.3,,0,0.3,,Janne Andersson,Robin Olsen,Shin Taeyong,Ki Sung-yueng,42300,"Stadion Nizhny Novgorod, Nizhny Novgorod",Group stage,6/18/2018,1–0,,Russia,2018,,
Belgium,Panama,3,2,,0,0.5,,Roberto Martínez,Eden Hazard,Hernán Darío Gómez,Román Torres,43257,"Olimpiyskiy Stadion Fisht, Sochi",Group stage,6/18/2018,3–0,,Russia,2018,,
Tunisia,England,1,1,,2,2.8,,Nabil Maâloul,Wahbi Khazri,Gareth Southgate,Harry Kane,41064,"Volgograd Arena, Volgograd",Group stage,6/18/2018,1–2,,Russia,2018,,
Costa Rica,Serbia,0,0.9,,1,0.9,,Oscar Ramírez,Bryan Ruiz,Mladen Krstajić,Aleksandar Kolarov,41432,"Cosmos Arena, Samara",Group stage,6/17/2018,0–1,,Russia,2018,,
Germany,Mexico,0,1.4,,1,1.3,,Joachim Löw,Manuel Neuer,Juan Carlos Osorio,Andrés Guardado,78011,"Olimpiyskiy stadion Luzhniki, Moskva",Group stage,6/17/2018,0–1,,Russia,2018,,
Brazil,Switzerland,1,2.2,,1,0.9,,Tite,Marcelo,Vladimir Petković,Stephan Lichtsteiner,43109,"Rostov Arena, Rostov-na-Donu",Group stage,6/17/2018,1–1,,Russia,2018,,
France,Australia,2,1.3,,1,1,,Didier Deschamps,Hugo Lloris,Bert van Marwijk,Mile Jedinak,41279,"Kazan Arena, Kazan",Group stage,6/16/2018,2–1,,Russia,2018,,
Argentina,Iceland,1,1.9,,1,1,,Jorge Sampaoli,Lionel Messi,Heimir Hallgrímsson,Aron Gunnarsson,44190,"Otkrytie Arena, Moskva",Group stage,6/16/2018,1–1,,Russia,2018,,
Peru,Denmark,0,1.7,,1,1,,Ricardo Gareca,Alberto Rodríguez,Åge Hareide,Simon Kjær,40502,"Mordovia Arena, Saransk",Group stage,6/16/2018,0–1,,Russia,2018,,
Croatia,Nigeria,2,1.5,,0,0.7,,Zlatko Dalić,Luka Modrić,Gernot Rohr,John Obi Mikel,31136,"Kaliningrad Stadium, Kaliningrad",Group stage,6/16/2018,2–0,,Russia,2018,,
Egypt,Uruguay,0,0.3,,1,1.6,,Héctor Cúper,Ahmed Fathy,Óscar Tabárez,Diego Godín,27015,"Stadion Central'nyj, Yekaterinburg",Group stage,6/15/2018,0–1,,Russia,2018,,
Morocco,IR Iran,0,0.7,,1,1,,Hervé Renard,Medhi Benatia,Carlos Queiroz,Masoud Shojaei,62548,"Gazprom Arena, Sankt-Petersburg",Group stage,6/15/2018,0–1,,Russia,2018,,
Portugal,Spain,3,1.2,,3,1.6,,Fernando Santos,Cristiano Ronaldo,Fernando Hierro,Sergio Ramos,43866,"Olimpiyskiy Stadion Fisht, Sochi",Group stage,6/15/2018,3–3,,Russia,2018,,
Russia,Saudi Arabia,5,1.7,,0,0.2,,Stanislav Cherchesov,Igor Akinfeev,Juan Antonio Pizzi,Osama Hawsawi,78011,"Olimpiyskiy stadion Luzhniki, Moskva",Group stage,6/14/2018,5–0,,Russia,2018,,
Germany,Argentina,1,,,0,,,Joachim Löw,,Alejandro Sabella,,74738,"Estadio Jornalista Mário Filho, Rio de Janeiro",Final,7/13/2014,1–0,Required Extra Time,Brazil,2014,,
Brazil,Netherlands,0,,,3,,,Luiz Felipe Scolari,,Louis van Gaal,,68034,"Estádio Nacional de Brasília, Brasília",Third-place match,7/12/2014,0–3,,Brazil,2014,,
Netherlands,Argentina,0,,2,0,,4,Louis van Gaal,,Alejandro Sabella,,63267,"Arena Corinthians, São Paulo",Semi-finals,7/9/2014,(2) 0–0 (4),Argentina won on penalty kicks following extra time,Brazil,2014,,
Brazil,Germany,1,,,7,,,Luiz Felipe Scolari,,Joachim Löw,,58141,"Estádio Governador Magalhães Pinto, Belo Horizonte",Semi-finals,7/8/2014,1–7,,Brazil,2014,,
Argentina,Belgium,1,,,0,,,Alejandro Sabella,,Marc Wilmots,,68551,"Estádio Nacional de Brasília, Brasília",Quarter-finals,7/5/2014,1–0,,Brazil,2014,,
Netherlands,Costa Rica,0,,4,0,,3,Louis van Gaal,,Jorge Luis Pinto,,51179,"Itaipava Arena Fonte Nova, Salvador",Quarter-finals,7/5/2014,(4) 0–0 (3),Netherlands won on penalty kicks following extra time,Brazil,2014,,
France,Germany,0,,,1,,,Didier Deschamps,,Joachim Löw,,74240,"Estadio Jornalista Mário Filho, Rio de Janeiro",Quarter-finals,7/4/2014,0–1,,Brazil,2014,,
Brazil,Colombia,2,,,1,,,Luiz Felipe Scolari,,José Pekerman,,60342,"Estádio Castelão, Fortaleza",Quarter-finals,7/4/2014,2–1,,Brazil,2014,,
Argentina,Switzerland,1,,,0,,,Alejandro Sabella,,Ottmar Hitzfeld,,63255,"Arena Corinthians, São Paulo",Round of 16,7/1/2014,1–0,Required Extra Time,Brazil,2014,,
Belgium,United States,2,,,1,,,Marc Wilmots,,Jürgen Klinsmann,,51227,"Itaipava Arena Fonte Nova, Salvador",Round of 16,7/1/2014,2–1,Required Extra Time,Brazil,2014,,
France,Nigeria,2,,,0,,,Didier Deschamps,,Stephen Keshi,,67882,"Estádio Nacional de Brasília, Brasília",Round of 16,6/30/2014,2–0,,Brazil,2014,,
Germany,Algeria,2,,,1,,,Joachim Löw,,Vahid Halilhodžić,,43063,"Estádio José Pinheiro Borba, Porto Alegre",Round of 16,6/30/2014,2–1,Required Extra Time,Brazil,2014,,
Netherlands,Mexico,2,,,1,,,Louis van Gaal,,Miguel Herrera,,58817,"Estádio Castelão, Fortaleza",Round of 16,6/29/2014,2–1,,Brazil,2014,,
Costa Rica,Greece,1,,5,1,,3,Jorge Luis Pinto,,Fernando Santos,,41242,"Itaipava Arena Pernambuco, Recife",Round of 16,6/29/2014,(5) 1–1 (3),Costa Rica won on penalty kicks following extra time,Brazil,2014,,
Brazil,Chile,1,,3,1,,2,Luiz Felipe Scolari,,Jorge Sampaoli,,57714,"Estádio Governador Magalhães Pinto, Belo Horizonte",Round of 16,6/28/2014,(3) 1–1 (2),Brazil won on penalty kicks following extra time,Brazil,2014,,
Colombia,Uruguay,2,,,0,,,José Pekerman,,Óscar Tabárez,,73804,"Estadio Jornalista Mário Filho, Rio de Janeiro",Round of 16,6/28/2014,2–0,,Brazil,2014,,
United States,Germany,0,,,1,,,Jürgen Klinsmann,,Joachim Löw,,41876,"Itaipava Arena Pernambuco, Recife",Group stage,6/26/2014,0–1,,Brazil,2014,,
Portugal,Ghana,2,,,1,,,Paulo Bento,,Kwesi Appiah,,67540,"Estádio Nacional de Brasília, Brasília",Group stage,6/26/2014,2–1,,Brazil,2014,,
Korea Republic,Belgium,0,,,1,,,Hong Myung-bo,,Marc Wilmots,,61397,"Arena Corinthians, São Paulo",Group stage,6/26/2014,0–1,,Brazil,2014,,
Algeria,Russia,1,,,1,,,Vahid Halilhodžić,,Fabio Capello,,39311,"Estádio Joaquim Américo Guimarães, Curitiba",Group stage,6/26/2014,1–1,,Brazil,2014,,
Bosnia and Herzegovina,IR Iran,3,,,1,,,Safet Sušić,,Carlos Queiroz,,48011,"Itaipava Arena Fonte Nova, Salvador",Group stage,6/25/2014,3–1,,Brazil,2014,,
Nigeria,Argentina,2,,,3,,,Stephen Keshi,,Alejandro Sabella,,43285,"Estádio José Pinheiro Borba, Porto Alegre",Group stage,6/25/2014,2–3,,Brazil,2014,,
Honduras,Switzerland,0,,,3,,,Luis Suárez,,Ottmar Hitzfeld,,40322,"Arena da Amazônia, Manaus",Group stage,6/25/2014,0–3,,Brazil,2014,,
Ecuador,France,0,,,0,,,Reinaldo Rueda,,Didier Deschamps,,73749,"Estadio Jornalista Mário Filho, Rio de Janeiro",Group stage,6/25/2014,0–0,,Brazil,2014,,
Costa Rica,England,0,,,0,,,Jorge Luis Pinto,,Roy Hodgson,,57823,"Estádio Governador Magalhães Pinto, Belo Horizonte",Group stage,6/24/2014,0–0,,Brazil,2014,,
Italy,Uruguay,0,,,1,,,Cesare Prandelli,,Óscar Tabárez,,39706,"Arena das Dunas, Natal",Group stage,6/24/2014,0–1,,Brazil,2014,,
Japan,Colombia,1,,,4,,,Alberto Zaccheroni,,José Pekerman,,40340,"Arena Pantanal, Cuiabá",Group stage,6/24/2014,1–4,,Brazil,2014,,
Greece,Côte d'Ivoire,2,,,1,,,Fernando Santos,,Sabri Lamouchi,,59095,"Estádio Castelão, Fortaleza",Group stage,6/24/2014,2–1,,Brazil,2014,,
Australia,Spain,0,,,3,,,Ange Postecoglou,,Del Bosque,,39375,"Estádio Joaquim Américo Guimarães, Curitiba",Group stage,6/23/2014,0–3,,Brazil,2014,,
Netherlands,Chile,2,,,0,,,Louis van Gaal,,Jorge Sampaoli,,62996,"Arena Corinthians, São Paulo",Group stage,6/23/2014,2–0,,Brazil,2014,,
Croatia,Mexico,1,,,3,,,Niko Kovač,,Miguel Herrera,,41212,"Itaipava Arena Pernambuco, Recife",Group stage,6/23/2014,1–3,,Brazil,2014,,
Cameroon,Brazil,1,,,4,,,Volker Finke,,Luiz Felipe Scolari,,69112,"Estádio Nacional de Brasília, Brasília",Group stage,6/23/2014,1–4,,Brazil,2014,,
Belgium,Russia,1,,,0,,,Marc Wilmots,,Fabio Capello,,73819,"Estadio Jornalista Mário Filho, Rio de Janeiro",Group stage,6/22/2014,1–0,,Brazil,2014,,
Korea Republic,Algeria,2,,,4,,,Hong Myung-bo,,Vahid Halilhodžić,,42732,"Estádio José Pinheiro Borba, Porto Alegre",Group stage,6/22/2014,2–4,,Brazil,2014,,
United States,Portugal,2,,,2,,,Jürgen Klinsmann,,Paulo Bento,,40123,"Arena da Amazônia, Manaus",Group stage,6/22/2014,2–2,,Brazil,2014,,
Argentina,IR Iran,1,,,0,,,Alejandro Sabella,,Carlos Queiroz,,57698,"Estádio Governador Magalhães Pinto, Belo Horizonte",Group stage,6/21/2014,1–0,,Brazil,2014,,
Germany,Ghana,2,,,2,,,Joachim Löw,,Kwesi Appiah,,59621,"Estádio Castelão, Fortaleza",Group stage,6/21/2014,2–2,,Brazil,2014,,
Nigeria,Bosnia and Herzegovina,1,,,0,,,Stephen Keshi,,Safet Sušić,,40499,"Arena Pantanal, Cuiabá",Group stage,6/21/2014,1–0,,Brazil,2014,,
Italy,Costa Rica,0,,,1,,,Cesare Prandelli,,Jorge Luis Pinto,,40285,"Itaipava Arena Pernambuco, Recife",Group stage,6/20/2014,0–1,,Brazil,2014,,
Switzerland,France,2,,,5,,,Ottmar Hitzfeld,,Didier Deschamps,,51003,"Itaipava Arena Fonte Nova, Salvador",Group stage,6/20/2014,2–5,,Brazil,2014,,
Honduras,Ecuador,1,,,2,,,Luis Suárez,,Reinaldo Rueda,,39224,"Estádio Joaquim Américo Guimarães, Curitiba",Group stage,6/20/2014,1–2,,Brazil,2014,,
Colombia,Côte d'Ivoire,2,,,1,,,José Pekerman,,Sabri Lamouchi,,68748,"Estádio Nacional de Brasília, Brasília",Group stage,6/19/2014,2–1,,Brazil,2014,,
Uruguay,England,2,,,1,,,Óscar Tabárez,,Roy Hodgson,,62575,"Arena Corinthians, São Paulo",Group stage,6/19/2014,2–1,,Brazil,2014,,
Japan,Greece,0,,,0,,,Alberto Zaccheroni,,Fernando Santos,,39485,"Arena das Dunas, Natal",Group stage,6/19/2014,0–0,,Brazil,2014,,
Australia,Netherlands,2,,,3,,,Ange Postecoglou,,Louis van Gaal,,42877,"Estádio José Pinheiro Borba, Porto Alegre",Group stage,6/18/2014,2–3,,Brazil,2014,,
Spain,Chile,0,,,2,,,Del Bosque,,Jorge Sampaoli,,74101,"Estadio Jornalista Mário Filho, Rio de Janeiro",Group stage,6/18/2014,0–2,,Brazil,2014,,
Cameroon,Croatia,0,,,4,,,Volker Finke,,Niko Kovač,,39982,"Arena da Amazônia, Manaus",Group stage,6/18/2014,0–4,,Brazil,2014,,
Belgium,Algeria,2,,,1,,,Marc Wilmots,,Vahid Halilhodžić,,56800,"Estádio Governador Magalhães Pinto, Belo Horizonte",Group stage,6/17/2014,2–1,,Brazil,2014,,
Brazil,Mexico,0,,,0,,,Luiz Felipe Scolari,,Miguel Herrera,,60342,"Estádio Castelão, Fortaleza",Group stage,6/17/2014,0–0,,Brazil,2014,,
Russia,Korea Republic,1,,,1,,,Fabio Capello,,Hong Myung-bo,,37603,"Arena Pantanal, Cuiabá",Group stage,6/17/2014,1–1,,Brazil,2014,,
Germany,Portugal,4,,,0,,,Joachim Löw,,Paulo Bento,,51081,"Itaipava Arena Fonte Nova, Salvador",Group stage,6/16/2014,4–0,,Brazil,2014,,
IR Iran,Nigeria,0,,,0,,,Carlos Queiroz,,Stephen Keshi,,39081,"Estádio Joaquim Américo Guimarães, Curitiba",Group stage,6/16/2014,0–0,,Brazil,2014,,
Ghana,United States,1,,,2,,,Kwesi Appiah,,Jürgen Klinsmann,,39760,"Arena das Dunas, Natal",Group stage,6/16/2014,1–2,,Brazil,2014,,
Switzerland,Ecuador,2,,,1,,,Ottmar Hitzfeld,,Reinaldo Rueda,,68351,"Estádio Nacional de Brasília, Brasília",Group stage,6/15/2014,2–1,,Brazil,2014,,
France,Honduras,3,,,0,,,Didier Deschamps,,Luis Suárez,,43012,"Estádio José Pinheiro Borba, Porto Alegre",Group stage,6/15/2014,3–0,,Brazil,2014,,
Argentina,Bosnia and Herzegovina,2,,,1,,,Alejandro Sabella,,Safet Sušić,,74738,"Estadio Jornalista Mário Filho, Rio de Janeiro",Group stage,6/15/2014,2–1,,Brazil,2014,,
Colombia,Greece,3,,,0,,,José Pekerman,,Fernando Santos,,57174,"Estádio Governador Magalhães Pinto, Belo Horizonte",Group stage,6/14/2014,3–0,,Brazil,2014,,
Uruguay,Costa Rica,1,,,3,,,Óscar Tabárez,,Jorge Luis Pinto,,58679,"Estádio Castelão, Fortaleza",Group stage,6/14/2014,1–3,,Brazil,2014,,
England,Italy,1,,,2,,,Roy Hodgson,,Cesare Prandelli,,39800,"Arena da Amazônia, Manaus",Group stage,6/14/2014,1–2,,Brazil,2014,,
Côte d'Ivoire,Japan,2,,,1,,,Sabri Lamouchi,,Alberto Zaccheroni,,40267,"Itaipava Arena Pernambuco, Recife",Group stage,6/14/2014,2–1,,Brazil,2014,,
Mexico,Cameroon,1,,,0,,,Miguel Herrera,,Volker Finke,,39216,"Arena das Dunas, Natal",Group stage,6/13/2014,1–0,,Brazil,2014,,
Spain,Netherlands,1,,,5,,,Del Bosque,,Louis van Gaal,,48173,"Itaipava Arena Fonte Nova, Salvador",Group stage,6/13/2014,1–5,,Brazil,2014,,
Chile,Australia,3,,,1,,,Jorge Sampaoli,,Ange Postecoglou,,40275,"Arena Pantanal, Cuiabá",Group stage,6/13/2014,3–1,,Brazil,2014,,
Brazil,Croatia,3,,,1,,,Luiz Felipe Scolari,,Niko Kovač,,62103,"Arena Corinthians, São Paulo",Group stage,6/12/2014,3–1,,Brazil,2014,,
Netherlands,Spain,0,,,1,,,Bert van Marwijk,,Vicente del Bosque,,84490,"Soccer City, Johannesburg",Final,7/11/2010,0–1,Required Extra Time,South Africa,2010,,
Uruguay,Germany,2,,,3,,,Óscar Tabárez,,Joachim Löw,,36254,"Nelson Mandela Bay Stadium, Port Elizabeth",Third-place match,7/10/2010,2–3,,South Africa,2010,,
Germany,Spain,0,,,1,,,Joachim Löw,,Vicente del Bosque,,60960,"Moses Mabhida Stadium, Durban",Semi-finals,7/7/2010,0–1,,South Africa,2010,,
Uruguay,Netherlands,2,,,3,,,Óscar Tabárez,,Bert van Marwijk,,62479,"Cape Town Stadium, Cape Town",Semi-finals,7/6/2010,2–3,,South Africa,2010,,
Argentina,Germany,0,,,4,,,Diego Maradona,,Joachim Löw,,64100,"Cape Town Stadium, Cape Town",Quarter-finals,7/3/2010,0–4,,South Africa,2010,,
Paraguay,Spain,0,,,1,,,Gerardo Martino,,Vicente del Bosque,,55359,"Emirates Airline Park, Johannesburg",Quarter-finals,7/3/2010,0–1,,South Africa,2010,,
Netherlands,Brazil,2,,,1,,,Bert van Marwijk,,Dunga,,40186,"Nelson Mandela Bay Stadium, Port Elizabeth",Quarter-finals,7/2/2010,2–1,,South Africa,2010,,
Uruguay,Ghana,1,,4,1,,2,Óscar Tabárez,,Milovan Rajevac,,84017,"Soccer City, Johannesburg",Quarter-finals,7/2/2010,(4) 1–1 (2),Uruguay won on penalty kicks following extra time,South Africa,2010,,
Paraguay,Japan,0,,5,0,,3,Gerardo Martino,,Takeshi Okada,,36742,"Loftus Versfeld Stadium, Pretoria",Round of 16,6/29/2010,(5) 0–0 (3),Paraguay won on penalty kicks following extra time,South Africa,2010,,
Spain,Portugal,1,,,0,,,Vicente del Bosque,,Carlos Queiroz,,62955,"Cape Town Stadium, Cape Town",Round of 16,6/29/2010,1–0,,South Africa,2010,,
Netherlands,Slovakia,2,,,1,,,Bert van Marwijk,,Vladimír Weiss,,61962,"Moses Mabhida Stadium, Durban",Round of 16,6/28/2010,2–1,,South Africa,2010,,
Brazil,Chile,3,,,0,,,Dunga,,Marcelo Bielsa,,54096,"Emirates Airline Park, Johannesburg",Round of 16,6/28/2010,3–0,,South Africa,2010,,
Germany,England,4,,,1,,,Joachim Löw,,Fabio Capello,,40510,"Toyota Stadium, Bloemfontein",Round of 16,6/27/2010,4–1,,South Africa,2010,,
Argentina,Mexico,3,,,1,,,Diego Maradona,,Javier Aguirre,,84377,"Soccer City, Johannesburg",Round of 16,6/27/2010,3–1,,South Africa,2010,,
Uruguay,Korea Republic,2,,,1,,,Óscar Tabárez,,Huh Jung-moo,,30597,"Nelson Mandela Bay Stadium, Port Elizabeth",Round of 16,6/26/2010,2–1,,South Africa,2010,,
United States,Ghana,1,,,2,,,Bob Bradley,,Milovan Rajevac,,34976,"Royal Bafokeng Stadium, Phokeng",Round of 16,6/26/2010,1–2,Required Extra Time,South Africa,2010,,
Portugal,Brazil,0,,,0,,,Carlos Queiroz,,Dunga,,62712,"Moses Mabhida Stadium, Durban",Group stage,6/25/2010,0–0,,South Africa,2010,,
Korea DPR,Côte d'Ivoire,0,,,3,,,Kim Jong-hun,,Sven-Göran Eriksson,,34763,"Mbombela Stadium, Nelspruit",Group stage,6/25/2010,0–3,,South Africa,2010,,
Chile,Spain,1,,,2,,,Marcelo Bielsa,,Vicente del Bosque,,41958,"Loftus Versfeld Stadium, Pretoria",Group stage,6/25/2010,1–2,,South Africa,2010,,
Switzerland,Honduras,0,,,0,,,Ottmar Hitzfeld,,Reinaldo Rueda,,28042,"Toyota Stadium, Bloemfontein",Group stage,6/25/2010,0–0,,South Africa,2010,,
Paraguay,New Zealand,0,,,0,,,Gerardo Martino,,Ricki Herbert,,34850,"Peter Mokaba Stadium, Polokwane",Group stage,6/24/2010,0–0,,South Africa,2010,,
Slovakia,Italy,3,,,2,,,Vladimír Weiss,,Marcello Lippi,,53412,"Emirates Airline Park, Johannesburg",Group stage,6/24/2010,3–2,,South Africa,2010,,
Denmark,Japan,1,,,3,,,Morten Olsen,,Takeshi Okada,,27967,"Royal Bafokeng Stadium, Phokeng",Group stage,6/24/2010,1–3,,South Africa,2010,,
Cameroon,Netherlands,1,,,2,,,Paul Le Guen,,Bert van Marwijk,,63093,"Cape Town Stadium, Cape Town",Group stage,6/24/2010,1–2,,South Africa,2010,,
Slovenia,England,0,,,1,,,Matjaž Kek,,Fabio Capello,,36893,"Nelson Mandela Bay Stadium, Port Elizabeth",Group stage,6/23/2010,0–1,,South Africa,2010,,
United States,Algeria,1,,,0,,,Bob Bradley,,Rabah Saâdane,,35827,"Loftus Versfeld Stadium, Pretoria",Group stage,6/23/2010,1–0,,South Africa,2010,,
Ghana,Germany,0,,,1,,,Milovan Rajevac,,Joachim Löw,,83391,"Soccer City, Johannesburg",Group stage,6/23/2010,0–1,,South Africa,2010,,
Australia,Serbia,2,,,1,,,Pim Verbeek,,Radomir Antić,,37836,"Mbombela Stadium, Nelspruit",Group stage,6/23/2010,2–1,,South Africa,2010,,
Mexico,Uruguay,0,,,1,,,Javier Aguirre,,Óscar Tabárez,,33425,"Royal Bafokeng Stadium, Phokeng",Group stage,6/22/2010,0–1,,South Africa,2010,,
France,South Africa,1,,,2,,,Raymond Domenech,,Carlos Alberto Parreira,,39415,"Toyota Stadium, Bloemfontein",Group stage,6/22/2010,1–2,,South Africa,2010,,
Nigeria,Korea Republic,2,,,2,,,Lars Lagerbäck,,Huh Jung-moo,,61874,"Moses Mabhida Stadium, Durban",Group stage,6/22/2010,2–2,,South Africa,2010,,
Greece,Argentina,0,,,2,,,Otto Rehhagel,,Diego Maradona,,38891,"Peter Mokaba Stadium, Polokwane",Group stage,6/22/2010,0–2,,South Africa,2010,,
Portugal,Korea DPR,7,,,0,,,Carlos Queiroz,,Kim Jong-hun,,63644,"Cape Town Stadium, Cape Town",Group stage,6/21/2010,7–0,,South Africa,2010,,
Chile,Switzerland,1,,,0,,,Marcelo Bielsa,,Ottmar Hitzfeld,,34872,"Nelson Mandela Bay Stadium, Port Elizabeth",Group stage,6/21/2010,1–0,,South Africa,2010,,
Spain,Honduras,2,,,0,,,Vicente del Bosque,,Reinaldo Rueda,,54386,"Emirates Airline Park, Johannesburg",Group stage,6/21/2010,2–0,,South Africa,2010,,
Slovakia,Paraguay,0,,,2,,,Vladimír Weiss,,Gerardo Martino,,26643,"Toyota Stadium, Bloemfontein",Group stage,6/20/2010,0–2,,South Africa,2010,,
Italy,New Zealand,1,,,1,,,Marcello Lippi,,Ricki Herbert,,38229,"Mbombela Stadium, Nelspruit",Group stage,6/20/2010,1–1,,South Africa,2010,,
Brazil,Côte d'Ivoire,3,,,1,,,Dunga,,Sven-Göran Eriksson,,84455,"Soccer City, Johannesburg",Group stage,6/20/2010,3–1,,South Africa,2010,,
Netherlands,Japan,1,,,0,,,Bert van Marwijk,,Takeshi Okada,,62010,"Moses Mabhida Stadium, Durban",Group stage,6/19/2010,1–0,,South Africa,2010,,
Ghana,Australia,1,,,1,,,Milovan Rajevac,,Pim Verbeek,,34812,"Royal Bafokeng Stadium, Phokeng",Group stage,6/19/2010,1–1,,South Africa,2010,,
Cameroon,Denmark,1,,,2,,,Paul Le Guen,,Morten Olsen,,38074,"Loftus Versfeld Stadium, Pretoria",Group stage,6/19/2010,1–2,,South Africa,2010,,
Germany,Serbia,0,,,1,,,Joachim Löw,,Radomir Antić,,38294,"Nelson Mandela Bay Stadium, Port Elizabeth",Group stage,6/18/2010,0–1,,South Africa,2010,,
Slovenia,United States,2,,,2,,,Matjaž Kek,,Bob Bradley,,45573,"Emirates Airline Park, Johannesburg",Group stage,6/18/2010,2–2,,South Africa,2010,,
England,Algeria,0,,,0,,,Fabio Capello,,Rabah Saâdane,,64100,"Cape Town Stadium, Cape Town",Group stage,6/18/2010,0–0,,South Africa,2010,,
Argentina,Korea Republic,4,,,1,,,Diego Maradona,,Huh Jung-moo,,82174,"Soccer City, Johannesburg",Group stage,6/17/2010,4–1,,South Africa,2010,,
Greece,Nigeria,2,,,1,,,Otto Rehhagel,,Lars Lagerbäck,,31593,"Toyota Stadium, Bloemfontein",Group stage,6/17/2010,2–1,,South Africa,2010,,
France,Mexico,0,,,2,,,Raymond Domenech,,Javier Aguirre,,35370,"Peter Mokaba Stadium, Polokwane",Group stage,6/17/2010,0–2,,South Africa,2010,,
Honduras,Chile,0,,,1,,,Reinaldo Rueda,,Marcelo Bielsa,,32664,"Mbombela Stadium, Nelspruit",Group stage,6/16/2010,0–1,,South Africa,2010,,
Spain,Switzerland,0,,,1,,,Vicente del Bosque,,Ottmar Hitzfeld,,62453,"Moses Mabhida Stadium, Durban",Group stage,6/16/2010,0–1,,South Africa,2010,,
South Africa,Uruguay,0,,,3,,,Carlos Alberto Parreira,,Óscar Tabárez,,42658,"Loftus Versfeld Stadium, Pretoria",Group stage,6/16/2010,0–3,,South Africa,2010,,
New Zealand,Slovakia,1,,,1,,,Ricki Herbert,,Vladimír Weiss,,23871,"Royal Bafokeng Stadium, Phokeng",Group stage,6/15/2010,1–1,,South Africa,2010,,
Côte d'Ivoire,Portugal,0,,,0,,,Sven-Göran Eriksson,,Carlos Queiroz,,37034,"Nelson Mandela Bay Stadium, Port Elizabeth",Group stage,6/15/2010,0–0,,South Africa,2010,,
Brazil,Korea DPR,2,,,1,,,Dunga,,Kim Jong-hun,,54331,"Emirates Airline Park, Johannesburg",Group stage,6/15/2010,2–1,,South Africa,2010,,
Netherlands,Denmark,2,,,0,,,Bert van Marwijk,,Morten Olsen,,83465,"Soccer City, Johannesburg",Group stage,6/14/2010,2–0,,South Africa,2010,,
Japan,Cameroon,1,,,0,,,Takeshi Okada,,Paul Le Guen,,30620,"Toyota Stadium, Bloemfontein",Group stage,6/14/2010,1–0,,South Africa,2010,,
Italy,Paraguay,1,,,1,,,Marcello Lippi,,Gerardo Martino,,62869,"Cape Town Stadium, Cape Town",Group stage,6/14/2010,1–1,,South Africa,2010,,
Algeria,Slovenia,0,,,1,,,Rabah Saâdane,,Matjaž Kek,,30325,"Peter Mokaba Stadium, Polokwane",Group stage,6/13/2010,0–1,,South Africa,2010,,
Serbia,Ghana,0,,,1,,,Radomir Antić,,Milovan Rajevac,,38833,"Loftus Versfeld Stadium, Pretoria",Group stage,6/13/2010,0–1,,South Africa,2010,,
Germany,Australia,4,,,0,,,Joachim Löw,,Pim Verbeek,,62660,"Moses Mabhida Stadium, Durban",Group stage,6/13/2010,4–0,,South Africa,2010,,
Korea Republic,Greece,2,,,0,,,Huh Jung-moo,,Otto Rehhagel,,31513,"Nelson Mandela Bay Stadium, Port Elizabeth",Group stage,6/12/2010,2–0,,South Africa,2010,,
Argentina,Nigeria,1,,,0,,,Diego Maradona,,Lars Lagerbäck,,55686,"Emirates Airline Park, Johannesburg",Group stage,6/12/2010,1–0,,South Africa,2010,,
England,United States,1,,,1,,,Fabio Capello,,Bob Bradley,,38646,"Royal Bafokeng Stadium, Phokeng",Group stage,6/12/2010,1–1,,South Africa,2010,,
South Africa,Mexico,1,,,1,,,Carlos Alberto Parreira,,Javier Aguirre,,84490,"Soccer City, Johannesburg",Group stage,6/11/2010,1–1,,South Africa,2010,,
Uruguay,France,0,,,0,,,Óscar Tabárez,,Raymond Domenech,,64100,"Cape Town Stadium, Cape Town",Group stage,6/11/2010,0–0,,South Africa,2010,,
Italy,France,1,,5,1,,3,Marcello Lippi,,Raymond Domenech,,69000,"Olympiastadion Berlin, Berlin",Final,7/9/2006,(5) 1–1 (3),Italy won on penalty kicks following extra time,Germany,2006,,
Germany,Portugal,3,,,1,,,Jürgen Klinsmann,,Luiz Felipe Scolari,,52000,"Mercedes-Benz Arena, Stuttgart",Third-place match,7/8/2006,3–1,,Germany,2006,,
Portugal,France,0,,,1,,,Luiz Felipe Scolari,,Raymond Domenech,,66000,"Allianz Arena, München",Semi-finals,7/5/2006,0–1,,Germany,2006,,
Germany,Italy,0,,,2,,,Jürgen Klinsmann,,Marcello Lippi,,65000,"Signal Iduna Park, Dortmund",Semi-finals,7/4/2006,0–2,Required Extra Time,Germany,2006,,
England,Portugal,0,,1,0,,3,Sven-Göran Eriksson,,Luiz Felipe Scolari,,52000,"Veltins-Arena, Gelsenkirchen",Quarter-finals,7/1/2006,(1) 0–0 (3),Portugal won on penalty kicks following extra time,Germany,2006,,
Brazil,France,0,,,1,,,Carlos Alberto Parreira,,Raymond Domenech,,48000,"Commerzbank-Arena, Frankfurt am Main",Quarter-finals,7/1/2006,0–1,,Germany,2006,,
Germany,Argentina,1,,4,1,,2,Jürgen Klinsmann,,José Pékerman,,72000,"Olympiastadion Berlin, Berlin",Quarter-finals,6/30/2006,(4) 1–1 (2),Germany won on penalty kicks following extra time,Germany,2006,,
Italy,Ukraine,3,,,0,,,Marcello Lippi,,Oleh Blokhin,,50000,"Volksparkstadion, Hamburg",Quarter-finals,6/30/2006,3–0,,Germany,2006,,
Brazil,Ghana,3,,,0,,,Carlos Alberto Parreira,,Ratomir Dujković,,65000,"Signal Iduna Park, Dortmund",Round of 16,6/27/2006,3–0,,Germany,2006,,
Spain,France,1,,,3,,,Luis Aragonés,,Raymond Domenech,,43000,"HDI-Arena, Hannover",Round of 16,6/27/2006,1–3,,Germany,2006,,
Italy,Australia,1,,,0,,,Marcello Lippi,,Guus Hiddink,,46000,"Fritz-Walter-Stadion, Kaiserslautern",Round of 16,6/26/2006,1–0,,Germany,2006,,
Switzerland,Ukraine,0,,0,0,,3,Köbi Kuhn,,Oleh Blokhin,,45000,"RheinEnergieSTADION, Köln",Round of 16,6/26/2006,(0) 0–0 (3),Ukraine won on penalty kicks following extra time,Germany,2006,,
England,Ecuador,1,,,0,,,Sven-Göran Eriksson,,Luis Fernando Suárez,,52000,"Mercedes-Benz Arena, Stuttgart",Round of 16,6/25/2006,1–0,,Germany,2006,,
Portugal,Netherlands,1,,,0,,,Luiz Felipe Scolari,,Marco van Basten,,41000,"Max-Morlock-Stadion, Nürnberg",Round of 16,6/25/2006,1–0,,Germany,2006,,
Germany,Sweden,2,,,0,,,Jürgen Klinsmann,,Lars Lagerbäck,,66000,"Allianz Arena, München",Round of 16,6/24/2006,2–0,,Germany,2006,,
Argentina,Mexico,2,,,1,,,José Pékerman,,Ricardo La Volpe,,43000,"Red Bull Arena, Leipzig",Round of 16,6/24/2006,2–1,Required Extra Time,Germany,2006,,
Saudi Arabia,Spain,0,,,1,,,Marcos Paquetá,,Luis Aragonés,,46000,"Fritz-Walter-Stadion, Kaiserslautern",Group stage,6/23/2006,0–1,,Germany,2006,,
Ukraine,Tunisia,1,,,0,,,Oleh Blokhin,,Roger Lemerre,,72000,"Olympiastadion Berlin, Berlin",Group stage,6/23/2006,1–0,,Germany,2006,,
Togo,France,0,,,2,,,Otto Pfister,,Raymond Domenech,,45000,"RheinEnergieSTADION, Köln",Group stage,6/23/2006,0–2,,Germany,2006,,
Switzerland,Korea Republic,2,,,0,,,Köbi Kuhn,,Dick Advocaat,,43000,"HDI-Arena, Hannover",Group stage,6/23/2006,2–0,,Germany,2006,,
Ghana,United States,2,,,1,,,Ratomir Dujković,,Bruce Arena,,41000,"Max-Morlock-Stadion, Nürnberg",Group stage,6/22/2006,2–1,,Germany,2006,,
Czech Republic,Italy,0,,,2,,,Karel Brückner,,Marcello Lippi,,50000,"Volksparkstadion, Hamburg",Group stage,6/22/2006,0–2,,Germany,2006,,
Japan,Brazil,1,,,4,,,Zico,,Carlos Alberto Parreira,,65000,"Signal Iduna Park, Dortmund",Group stage,6/22/2006,1–4,,Germany,2006,,
Croatia,Australia,2,,,2,,,Zlatko Kranjčar,,Guus Hiddink,,52000,"Mercedes-Benz Arena, Stuttgart",Group stage,6/22/2006,2–2,,Germany,2006,,
Portugal,Mexico,2,,,1,,,Luiz Felipe Scolari,,Ricardo La Volpe,,52000,"Veltins-Arena, Gelsenkirchen",Group stage,6/21/2006,2–1,,Germany,2006,,
IR Iran,Angola,1,,,1,,,Branko Ivanković,,Oliveira Gonçalves,,38000,"Red Bull Arena, Leipzig",Group stage,6/21/2006,1–1,,Germany,2006,,
Côte d'Ivoire,Serbia and Montenegro,3,,,2,,,Henri Michel,,Ilija Petković,,66000,"Allianz Arena, München",Group stage,6/21/2006,3–2,,Germany,2006,,
Netherlands,Argentina,0,,,0,,,Marco van Basten,,José Pékerman,,48000,"Commerzbank-Arena, Frankfurt am Main",Group stage,6/21/2006,0–0,,Germany,2006,,
Costa Rica,Poland,1,,,2,,,Alexandre Guimarães,,Paweł Janas,,43000,"HDI-Arena, Hannover",Group stage,6/20/2006,1–2,,Germany,2006,,
Ecuador,Germany,0,,,3,,,Luis Fernando Suárez,,Jürgen Klinsmann,,72000,"Olympiastadion Berlin, Berlin",Group stage,6/20/2006,0–3,,Germany,2006,,
Paraguay,Trinidad and Tobago,2,,,0,,,Aníbal Ruiz,,Leo Beenhakker,,46000,"Fritz-Walter-Stadion, Kaiserslautern",Group stage,6/20/2006,2–0,,Germany,2006,,
Sweden,England,2,,,2,,,Lars Lagerbäck,,Sven-Göran Eriksson,,45000,"RheinEnergieSTADION, Köln",Group stage,6/20/2006,2–2,,Germany,2006,,
Togo,Switzerland,0,,,2,,,Otto Pfister,,Köbi Kuhn,,65000,"Signal Iduna Park, Dortmund",Group stage,6/19/2006,0–2,,Germany,2006,,
Saudi Arabia,Ukraine,0,,,4,,,Marcos Paquetá,,Oleh Blokhin,,50000,"Volksparkstadion, Hamburg",Group stage,6/19/2006,0–4,,Germany,2006,,
Spain,Tunisia,3,,,1,,,Luis Aragonés,,Roger Lemerre,,52000,"Mercedes-Benz Arena, Stuttgart",Group stage,6/19/2006,3–1,,Germany,2006,,
Japan,Croatia,0,,,0,,,Zico,,Zlatko Kranjčar,,41000,"Max-Morlock-Stadion, Nürnberg",Group stage,6/18/2006,0–0,,Germany,2006,,
Brazil,Australia,2,,,0,,,Carlos Alberto Parreira,,Guus Hiddink,,66000,"Allianz Arena, München",Group stage,6/18/2006,2–0,,Germany,2006,,
France,Korea Republic,1,,,1,,,Raymond Domenech,,Dick Advocaat,,43000,"Red Bull Arena, Leipzig",Group stage,6/18/2006,1–1,,Germany,2006,,
Portugal,IR Iran,2,,,0,,,Luiz Felipe Scolari,,Branko Ivanković,,48000,"Commerzbank-Arena, Frankfurt am Main",Group stage,6/17/2006,2–0,,Germany,2006,,
Czech Republic,Ghana,0,,,2,,,Karel Brückner,,Ratomir Dujković,,45000,"RheinEnergieSTADION, Köln",Group stage,6/17/2006,0–2,,Germany,2006,,
Italy,United States,1,,,1,,,Marcello Lippi,,Bruce Arena,,46000,"Fritz-Walter-Stadion, Kaiserslautern",Group stage,6/17/2006,1–1,,Germany,2006,,
Argentina,Serbia and Montenegro,6,,,0,,,José Pékerman,,Ilija Petković,,52000,"Veltins-Arena, Gelsenkirchen",Group stage,6/16/2006,6–0,,Germany,2006,,
Netherlands,Côte d'Ivoire,2,,,1,,,Marco van Basten,,Henri Michel,,52000,"Mercedes-Benz Arena, Stuttgart",Group stage,6/16/2006,2–1,,Germany,2006,,
Mexico,Angola,0,,,0,,,Ricardo La Volpe,,Oliveira Gonçalves,,43000,"HDI-Arena, Hannover",Group stage,6/16/2006,0–0,,Germany,2006,,
Ecuador,Costa Rica,3,,,0,,,Luis Fernando Suárez,,Alexandre Guimarães,,50000,"Veltins-Arena, Gelsenkirchen",Group stage,6/15/2006,3–0,,Germany,2006,,
England,Trinidad and Tobago,2,,,0,,,Sven-Göran Eriksson,,Leo Beenhakker,,41000,"Max-Morlock-Stadion, Nürnberg",Group stage,6/15/2006,2–0,,Germany,2006,,
Sweden,Paraguay,1,,,0,,,Lars Lagerbäck,,Aníbal Ruiz,,72000,"Olympiastadion Berlin, Berlin",Group stage,6/15/2006,1–0,,Germany,2006,,
Spain,Ukraine,4,,,0,,,Luis Aragonés,,Oleh Blokhin,,43000,"Red Bull Arena, Leipzig",Group stage,6/14/2006,4–0,,Germany,2006,,
Tunisia,Saudi Arabia,2,,,2,,,Roger Lemerre,,Marcos Paquetá,,66000,"Allianz Arena, München",Group stage,6/14/2006,2–2,,Germany,2006,,
Germany,Poland,1,,,0,,,Jürgen Klinsmann,,Paweł Janas,,65000,"Signal Iduna Park, Dortmund",Group stage,6/14/2006,1–0,,Germany,2006,,
Korea Republic,Togo,2,,,1,,,Dick Advocaat,,Otto Pfister,,48000,"Commerzbank-Arena, Frankfurt am Main",Group stage,6/13/2006,2–1,,Germany,2006,,
France,Switzerland,0,,,0,,,Raymond Domenech,,Köbi Kuhn,,52000,"Mercedes-Benz Arena, Stuttgart",Group stage,6/13/2006,0–0,,Germany,2006,,
Brazil,Croatia,1,,,0,,,Carlos Alberto Parreira,,Zlatko Kranjčar,,72000,"Olympiastadion Berlin, Berlin",Group stage,6/13/2006,1–0,,Germany,2006,,
Australia,Japan,3,,,1,,,Guus Hiddink,,Zico,,46000,"Fritz-Walter-Stadion, Kaiserslautern",Group stage,6/12/2006,3–1,,Germany,2006,,
United States,Czech Republic,0,,,3,,,Bruce Arena,,Karel Brückner,,52000,"Veltins-Arena, Gelsenkirchen",Group stage,6/12/2006,0–3,,Germany,2006,,
Italy,Ghana,2,,,0,,,Marcello Lippi,,Ratomir Dujković,,43000,"HDI-Arena, Hannover",Group stage,6/12/2006,2–0,,Germany,2006,,
Serbia and Montenegro,Netherlands,0,,,1,,,Ilija Petković,,Marco van Basten,,37216,"Red Bull Arena, Leipzig",Group stage,6/11/2006,0–1,,Germany,2006,,
Mexico,IR Iran,3,,,1,,,Ricardo La Volpe,,Branko Ivanković,,41000,"Max-Morlock-Stadion, Nürnberg",Group stage,6/11/2006,3–1,,Germany,2006,,
Angola,Portugal,0,,,1,,,Oliveira Gonçalves,,Luiz Felipe Scolari,,45000,"RheinEnergieSTADION, Köln",Group stage,6/11/2006,0–1,,Germany,2006,,
England,Paraguay,1,,,0,,,Sven-Göran Eriksson,,Aníbal Ruiz,,48000,"Commerzbank-Arena, Frankfurt am Main",Group stage,6/10/2006,1–0,,Germany,2006,,
Trinidad and Tobago,Sweden,0,,,0,,,Leo Beenhakker,,Lars Lagerbäck,,62959,"Signal Iduna Park, Dortmund",Group stage,6/10/2006,0–0,,Germany,2006,,
Argentina,Côte d'Ivoire,2,,,1,,,José Pékerman,,Henri Michel,,49480,"Volksparkstadion, Hamburg",Group stage,6/10/2006,2–1,,Germany,2006,,
Germany,Costa Rica,4,,,2,,,Jürgen Klinsmann,,Alexandre Guimarães,,64950,"Allianz Arena, München",Group stage,6/9/2006,4–2,,Germany,2006,,
Poland,Ecuador,0,,,2,,,Paweł Janas,,Luis Fernando Suárez,,52000,"Veltins-Arena, Gelsenkirchen",Group stage,6/9/2006,0–2,,Germany,2006,,
Germany,Brazil,0,,,2,,,Rudi Völler,,Luiz Felipe Scolari,,69029,"Nissan Stadium, Yokohama",Final,6/30/2002,0–2,,"Korea Republic, Japan",2002,,
Korea Republic,Türkiye,2,,,3,,,Guus Hiddink,,Şenol Güneş,,63483,"Daegu Main Stadium, Daegu",Third-place match,6/29/2002,2–3,,"Korea Republic, Japan",2002,,
Brazil,Türkiye,1,,,0,,,Luiz Felipe Scolari,,Şenol Güneş,,61058,"Saitama Stadium 2002, Saitama",Semi-finals,6/26/2002,1–0,,"Korea Republic, Japan",2002,,
Germany,Korea Republic,1,,,0,,,Rudi Völler,,Guus Hiddink,,65625,"Seoul World Cup Stadium, Seoul",Semi-finals,6/25/2002,1–0,,"Korea Republic, Japan",2002,,
Spain,Korea Republic,0,,3,0,,5,José Antonio Camacho,,Guus Hiddink,,42114,"Guus Hiddink Stadium, Gwangju",Quarter-finals,6/22/2002,(3) 0–0 (5),Korea Republic won on penalty kicks following extra time,"Korea Republic, Japan",2002,,
Senegal,Türkiye,0,,,1,,,Bruno Metsu,,Şenol Güneş,,44233,"Yanmar Stadium Nagai, Osaka",Quarter-finals,6/22/2002,0–1,Required Extra Time,"Korea Republic, Japan",2002,,
England,Brazil,1,,,2,,,Sven-Göran Eriksson,,Luiz Felipe Scolari,,47436,"Daejeon World Cup Stadium, Daejeon",Quarter-finals,6/21/2002,1–2,,"Korea Republic, Japan",2002,,
Germany,United States,1,,,0,,,Rudi Völler,,Bruce Arena,,37337,"Munsu Cup Stadium, Ulsan",Quarter-finals,6/21/2002,1–0,,"Korea Republic, Japan",2002,,
Japan,Türkiye,0,,,1,,,Philippe Troussier,,Şenol Güneş,,45666,"Miyagi Stadium, Rifu",Round of 16,6/18/2002,0–1,,"Korea Republic, Japan",2002,,
Korea Republic,Italy,2,,,1,,,Guus Hiddink,,Giovanni Trapattoni,,38588,"Daejeon World Cup Stadium, Daejeon",Round of 16,6/18/2002,2–1,Required Extra Time,"Korea Republic, Japan",2002,,
Mexico,United States,0,,,2,,,Javier Aguirre,,Bruce Arena,,36380,"Jeonju World Cup Stadium, Jeonju",Round of 16,6/17/2002,0–2,,"Korea Republic, Japan",2002,,
Brazil,Belgium,2,,,0,,,Luiz Felipe Scolari,,Robert Waseige,,40440,"NOEVIR Stadium Kobe, Kobe",Round of 16,6/17/2002,2–0,,"Korea Republic, Japan",2002,,
Sweden,Senegal,1,,,2,,,Lars Lagerbäck,,Bruno Metsu,,39747,"Ōita Bank Dome, Ōita",Round of 16,6/16/2002,1–2,Required Extra Time,"Korea Republic, Japan",2002,,
Spain,Republic of Ireland,1,,3,1,,2,José Antonio Camacho,,Mick McCarthy,,38926,"Suwon World Cup Stadium, Suwon",Round of 16,6/16/2002,(3) 1–1 (2),Spain won on penalty kicks following extra time,"Korea Republic, Japan",2002,,
Germany,Paraguay,1,,,0,,,Rudi Völler,,Cesare Maldini,,25176,"Jeju World Cup Stadium, Jeju",Round of 16,6/15/2002,1–0,,"Korea Republic, Japan",2002,,
Denmark,England,0,,,3,,,Morten Olsen,,Sven-Göran Eriksson,,40582,"Denka Big Swan Stadium, Niigata",Round of 16,6/15/2002,0–3,,"Korea Republic, Japan",2002,,
Tunisia,Japan,0,,,2,,,Ammar Souayah,,Philippe Troussier,,45213,"Yanmar Stadium Nagai, Osaka",Group stage,6/14/2002,0–2,,"Korea Republic, Japan",2002,,
Belgium,Russia,3,,,2,,,Robert Waseige,,Oleg Romantsev,,46640,"Shizuoka Stadium Ecopa, Fukuroi",Group stage,6/14/2002,3–2,,"Korea Republic, Japan",2002,,
Portugal,Korea Republic,0,,,1,,,António Luís Alves Ribeiro Oliveira,,Guus Hiddink,,50239,"Incheon Munhak Stadium, Incheon",Group stage,6/14/2002,0–1,,"Korea Republic, Japan",2002,,
Poland,United States,3,,,1,,,Jerzy Engel,,Bruce Arena,,26482,"Daejeon World Cup Stadium, Daejeon",Group stage,6/14/2002,3–1,,"Korea Republic, Japan",2002,,
Costa Rica,Brazil,2,,,5,,,Alexandre Guimarães,,Luiz Felipe Scolari,,38524,"Suwon World Cup Stadium, Suwon",Group stage,6/13/2002,2–5,,"Korea Republic, Japan",2002,,
Türkiye,China PR,3,,,0,,,Şenol Güneş,,Bora Milutinović,,43605,"Seoul World Cup Stadium, Seoul",Group stage,6/13/2002,3–0,,"Korea Republic, Japan",2002,,
Mexico,Italy,1,,,1,,,Javier Aguirre,,Giovanni Trapattoni,,39291,"Ōita Bank Dome, Ōita",Group stage,6/13/2002,1–1,,"Korea Republic, Japan",2002,,
Ecuador,Croatia,1,,,0,,,Hernán Darío Gómez,,Mirko Jozić,,65862,"Nissan Stadium, Yokohama",Group stage,6/13/2002,1–0,,"Korea Republic, Japan",2002,,
Sweden,Argentina,1,,,1,,,Lars Lagerbäck,,Marcelo Bielsa,,45777,"Miyagi Stadium, Rifu",Group stage,6/12/2002,1–1,,"Korea Republic, Japan",2002,,
Nigeria,England,0,,,0,,,Festus Onigbinde,,Sven-Göran Eriksson,,44864,"Yanmar Stadium Nagai, Osaka",Group stage,6/12/2002,0–0,,"Korea Republic, Japan",2002,,
South Africa,Spain,2,,,3,,,Jomo Sono,,José Antonio Camacho,,31024,"Daejeon World Cup Stadium, Daejeon",Group stage,6/12/2002,2–3,,"Korea Republic, Japan",2002,,
Slovenia,Paraguay,1,,,3,,,Srečko Katanec,,Cesare Maldini,,30176,"Jeju World Cup Stadium, Jeju",Group stage,6/12/2002,1–3,,"Korea Republic, Japan",2002,,
Denmark,France,2,,,0,,,Morten Olsen,,Roger Lemerre,,48100,"Incheon Munhak Stadium, Incheon",Group stage,6/11/2002,2–0,,"Korea Republic, Japan",2002,,
Senegal,Uruguay,3,,,3,,,Bruno Metsu,,Víctor Púa,,33681,"Suwon World Cup Stadium, Suwon",Group stage,6/11/2002,3–3,,"Korea Republic, Japan",2002,,
Saudi Arabia,Republic of Ireland,0,,,3,,,Nasser Al-Johar,,Mick McCarthy,,65320,"Nissan Stadium, Yokohama",Group stage,6/11/2002,0–3,,"Korea Republic, Japan",2002,,
Cameroon,Germany,0,,,2,,,Winfried Schäfer,,Rudi Völler,,47085,"Shizuoka Stadium Ecopa, Fukuroi",Group stage,6/11/2002,0–2,,"Korea Republic, Japan",2002,,
Korea Republic,United States,1,,,1,,,Guus Hiddink,,Bruce Arena,,60778,"Daegu Main Stadium, Daegu",Group stage,6/10/2002,1–1,,"Korea Republic, Japan",2002,,
Tunisia,Belgium,1,,,1,,,Ammar Souayah,,Robert Waseige,,39700,"Ōita Bank Dome, Ōita",Group stage,6/10/2002,1–1,,"Korea Republic, Japan",2002,,
Portugal,Poland,4,,,0,,,António Luís Alves Ribeiro Oliveira,,Jerzy Engel,,31000,"Jeonju World Cup Stadium, Jeonju",Group stage,6/10/2002,4–0,,"Korea Republic, Japan",2002,,
Mexico,Ecuador,2,,,1,,,Javier Aguirre,,Hernán Darío Gómez,,45610,"Sapporo Dome, Sapporo",Group stage,6/9/2002,2–1,,"Korea Republic, Japan",2002,,
Costa Rica,Türkiye,1,,,1,,,Alexandre Guimarães,,Şenol Güneş,,42299,"Incheon Munhak Stadium, Incheon",Group stage,6/9/2002,1–1,,"Korea Republic, Japan",2002,,
Japan,Russia,1,,,0,,,Philippe Troussier,,Oleg Romantsev,,66108,"Nissan Stadium, Yokohama",Group stage,6/9/2002,1–0,,"Korea Republic, Japan",2002,,
South Africa,Slovenia,1,,,0,,,Jomo Sono,,Srečko Katanec,,47226,"Daegu Main Stadium, Daegu",Group stage,6/8/2002,1–0,,"Korea Republic, Japan",2002,,
Italy,Croatia,1,,,2,,,Giovanni Trapattoni,,Mirko Jozić,,36472,"Kashima Soccer Stadium, Kashima",Group stage,6/8/2002,1–2,,"Korea Republic, Japan",2002,,
Brazil,China PR,4,,,0,,,Luiz Felipe Scolari,,Bora Milutinović,,36750,"Jeju World Cup Stadium, Jeju",Group stage,6/8/2002,4–0,,"Korea Republic, Japan",2002,,
Sweden,Nigeria,2,,,1,,,Tommy Söderberg,,Festus Onigbinde,,36194,"NOEVIR Stadium Kobe, Kobe",Group stage,6/7/2002,2–1,,"Korea Republic, Japan",2002,,
Spain,Paraguay,3,,,1,,,José Antonio Camacho,,Cesare Maldini,,24000,"Jeonju World Cup Stadium, Jeonju",Group stage,6/7/2002,3–1,,"Korea Republic, Japan",2002,,
Argentina,England,0,,,1,,,Marcelo Bielsa,,Sven-Göran Eriksson,,35927,"Sapporo Dome, Sapporo",Group stage,6/7/2002,0–1,,"Korea Republic, Japan",2002,,
Denmark,Senegal,1,,,1,,,Morten Olsen,,Bruno Metsu,,43500,"Daegu Main Stadium, Daegu",Group stage,6/6/2002,1–1,,"Korea Republic, Japan",2002,,
Cameroon,Saudi Arabia,1,,,0,,,Winfried Schäfer,,Nasser Al-Johar,,52328,"Saitama Stadium 2002, Saitama",Group stage,6/6/2002,1–0,,"Korea Republic, Japan",2002,,
France,Uruguay,0,,,0,,,Roger Lemerre,,Víctor Púa,,38070,"Busan Sport Complex Asiad Stadium, Busan",Group stage,6/6/2002,0–0,,"Korea Republic, Japan",2002,,
Russia,Tunisia,2,,,0,,,Oleg Romantsev,,Ammar Souayah,,30957,"NOEVIR Stadium Kobe, Kobe",Group stage,6/5/2002,2–0,,"Korea Republic, Japan",2002,,
United States,Portugal,3,,,2,,,Bruce Arena,,António Luís Alves Ribeiro Oliveira,,37306,"Suwon World Cup Stadium, Suwon",Group stage,6/5/2002,3–2,,"Korea Republic, Japan",2002,,
Germany,Republic of Ireland,1,,,1,,,Rudi Völler,,Mick McCarthy,,35854,"Kashima Soccer Stadium, Kashima",Group stage,6/5/2002,1–1,,"Korea Republic, Japan",2002,,
China PR,Costa Rica,0,,,2,,,Bora Milutinović,,Alexandre Guimarães,,27217,"Guus Hiddink Stadium, Gwangju",Group stage,6/4/2002,0–2,,"Korea Republic, Japan",2002,,
Japan,Belgium,2,,,2,,,Philippe Troussier,,Robert Waseige,,55256,"Saitama Stadium 2002, Saitama",Group stage,6/4/2002,2–2,,"Korea Republic, Japan",2002,,
Korea Republic,Poland,2,,,0,,,Guus Hiddink,,Jerzy Engel,,48760,"Busan Sport Complex Asiad Stadium, Busan",Group stage,6/4/2002,2–0,,"Korea Republic, Japan",2002,,
Croatia,Mexico,0,,,1,,,Mirko Jozić,,Javier Aguirre,,32239,"Denka Big Swan Stadium, Niigata",Group stage,6/3/2002,0–1,,"Korea Republic, Japan",2002,,
Brazil,Türkiye,2,,,1,,,Luiz Felipe Scolari,,Şenol Güneş,,33842,"Munsu Cup Stadium, Ulsan",Group stage,6/3/2002,2–1,,"Korea Republic, Japan",2002,,
Italy,Ecuador,2,,,0,,,Giovanni Trapattoni,,Hernán Darío Gómez,,31081,"Sapporo Dome, Sapporo",Group stage,6/3/2002,2–0,,"Korea Republic, Japan",2002,,
Argentina,Nigeria,1,,,0,,,Marcelo Bielsa,,Festus Onigbinde,,34050,"Kashima Soccer Stadium, Kashima",Group stage,6/2/2002,1–0,,"Korea Republic, Japan",2002,,
Paraguay,South Africa,2,,,2,,,Cesare Maldini,,Jomo Sono,,25186,"Busan Sport Complex Asiad Stadium, Busan",Group stage,6/2/2002,2–2,,"Korea Republic, Japan",2002,,
England,Sweden,1,,,1,,,Sven-Göran Eriksson,,Tommy Söderberg,,52721,"Saitama Stadium 2002, Saitama",Group stage,6/2/2002,1–1,,"Korea Republic, Japan",2002,,
Spain,Slovenia,3,,,1,,,José Antonio Camacho,,Srečko Katanec,,28588,"Guus Hiddink Stadium, Gwangju",Group stage,6/2/2002,3–1,,"Korea Republic, Japan",2002,,
Republic of Ireland,Cameroon,1,,,1,,,Mick McCarthy,,Winfried Schäfer,,33679,"Denka Big Swan Stadium, Niigata",Group stage,6/1/2002,1–1,,"Korea Republic, Japan",2002,,
Uruguay,Denmark,1,,,2,,,Víctor Púa,,Morten Olsen,,30157,"Munsu Cup Stadium, Ulsan",Group stage,6/1/2002,1–2,,"Korea Republic, Japan",2002,,
Germany,Saudi Arabia,8,,,0,,,Rudi Völler,,Nasser Al-Johar,,32218,"Sapporo Dome, Sapporo",Group stage,6/1/2002,8–0,,"Korea Republic, Japan",2002,,
France,Senegal,0,,,1,,,Roger Lemerre,,Bruno Metsu,,62561,"Seoul World Cup Stadium, Seoul",Group stage,5/31/2002,0–1,,"Korea Republic, Japan",2002,,
Brazil,France,0,,,3,,,Mário Zagallo,,Aimé Jacquet,,80000,"Stade de France, Paris",Final,7/12/1998,0–3,,France,1998,,
Netherlands,Croatia,1,,,2,,,Guus Hiddink,,Miroslav Blažević,,44000,"Parc des Princes, Paris",Third-place match,7/11/1998,1–2,,France,1998,,
France,Croatia,2,,,1,,,Aimé Jacquet,,Miroslav Blažević,,80000,"Stade de France, Paris",Semi-finals,7/8/1998,2–1,,France,1998,,
Brazil,Netherlands,1,,4,1,,2,Mário Zagallo,,Guus Hiddink,,60000,"Orange Vélodrome, Marseille",Semi-finals,7/7/1998,(4) 1–1 (2),Brazil won on penalty kicks following extra time,France,1998,,
Netherlands,Argentina,2,,,1,,,Guus Hiddink,,Daniel Passarella,,60000,"Orange Vélodrome, Marseille",Quarter-finals,7/4/1998,2–1,,France,1998,,
Germany,Croatia,0,,,3,,,Berti Vogts,,Miroslav Blažević,,43300,"Matmut Stadium de Gerland, Lyon",Quarter-finals,7/4/1998,0–3,,France,1998,,
Italy,France,0,,3,0,,4,Cesare Maldini,,Aimé Jacquet,,80000,"Stade de France, Paris",Quarter-finals,7/3/1998,(3) 0–0 (4),France won on penalty kicks following extra time,France,1998,,
Brazil,Denmark,3,,,2,,,Mário Zagallo,,Bo Johansson,,49500,"Stade de la Beaujoire - Louis Fonteneau, Nantes",Quarter-finals,7/3/1998,3–2,,France,1998,,
Romania,Croatia,0,,,1,,,Anghel Iordănescu,,Miroslav Blažević,,31800,"Stade Jacques Chaban-Delmas, Bordeaux",Round of 16,6/30/1998,0–1,,France,1998,,
Argentina,England,2,,4,2,,3,Daniel Passarella,,Glenn Hoddle,,30600,"Stade Geoffroy-Guichard, Saint-Étienne",Round of 16,6/30/1998,(4) 2–2 (3),Argentina won on penalty kicks following extra time,France,1998,,
Germany,Mexico,2,,,1,,,Berti Vogts,,Manuel Lapuente,,29800,"Stade de la Mosson, Montpellier",Round of 16,6/29/1998,2–1,,France,1998,,
Netherlands,FR Yugoslavia,2,,,1,,,Guus Hiddink,,Slobodan Santrač,,33000,"Stadium Municipal, Toulouse",Round of 16,6/29/1998,2–1,,France,1998,,
France,Paraguay,1,,,0,,,Aimé Jacquet,,Paulo César Carpegiani,,31800,"Stade Bollaert-Delelis, Lens",Round of 16,6/28/1998,1–0,Required Extra Time,France,1998,,
Nigeria,Denmark,1,,,4,,,Bora Milutinović,,Bo Johansson,,77000,"Stade de France, Paris",Round of 16,6/28/1998,1–4,,France,1998,,
Italy,Norway,1,,,0,,,Cesare Maldini,,Egil Olsen,,55000,"Orange Vélodrome, Marseille",Round of 16,6/27/1998,1–0,,France,1998,,
Brazil,Chile,4,,,1,,,Mário Zagallo,,Nelson Acosta,,45500,"Parc des Princes, Paris",Round of 16,6/27/1998,4–1,,France,1998,,
Argentina,Croatia,1,,,0,,,Daniel Passarella,,Miroslav Blažević,,31800,"Stade Jacques Chaban-Delmas, Bordeaux",Group stage,6/26/1998,1–0,,France,1998,,
Japan,Jamaica,1,,,2,,,Takeshi Okada,,René Simões,,39100,"Matmut Stadium de Gerland, Lyon",Group stage,6/26/1998,1–2,,France,1998,,
Romania,Tunisia,1,,,1,,,Anghel Iordănescu,,Ali Selmi,,80000,"Stade de France, Paris",Group stage,6/26/1998,1–1,,France,1998,,
Colombia,England,0,,,2,,,Hernán Darío Gómez,,Glenn Hoddle,,42000,"Stade Bollaert-Delelis, Lens",Group stage,6/26/1998,0–2,,France,1998,,
Netherlands,Mexico,2,,,2,,,Guus Hiddink,,Manuel Lapuente,,30600,"Stade Geoffroy-Guichard, Saint-Étienne",Group stage,6/25/1998,2–2,,France,1998,,
Belgium,Korea Republic,1,,,1,,,Georges Leekens,,Kim Pyung-seok,,45500,"Parc des Princes, Paris",Group stage,6/25/1998,1–1,,France,1998,,
United States,FR Yugoslavia,0,,,1,,,Steve Sampson,,Slobodan Santrač,,38500,"Stade de la Beaujoire - Louis Fonteneau, Nantes",Group stage,6/25/1998,0–1,,France,1998,,
Germany,IR Iran,2,,,0,,,Berti Vogts,,Jalal Talebi,,35500,"Stade de la Mosson, Montpellier",Group stage,6/25/1998,2–0,,France,1998,,
South Africa,Saudi Arabia,2,,,2,,,Philippe Troussier,,Mohammed Al-Kharashy,,31800,"Stade Jacques Chaban-Delmas, Bordeaux",Group stage,6/24/1998,2–2,,France,1998,,
France,Denmark,2,,,1,,,Aimé Jacquet,,Bo Johansson,,39100,"Matmut Stadium de Gerland, Lyon",Group stage,6/24/1998,2–1,,France,1998,,
Spain,Bulgaria,6,,,1,,,Javier Clemente,,Hristo Bonev,,41275,"Stade Bollaert-Delelis, Lens",Group stage,6/24/1998,6–1,,France,1998,,
Nigeria,Paraguay,1,,,3,,,Bora Milutinović,,Paulo César Carpegiani,,33400,"Stadium Municipal, Toulouse",Group stage,6/24/1998,1–3,,France,1998,,
Italy,Austria,2,,,1,,,Cesare Maldini,,Herbert Prohaska,,80000,"Stade de France, Paris",Group stage,6/23/1998,2–1,,France,1998,,
Chile,Cameroon,1,,,1,,,Nelson Acosta,,Claude Le Roy,,39500,"Stade de la Beaujoire - Louis Fonteneau, Nantes",Group stage,6/23/1998,1–1,,France,1998,,
Brazil,Norway,1,,,2,,,Mário Zagallo,,Egil Olsen,,57000,"Orange Vélodrome, Marseille",Group stage,6/23/1998,1–2,,France,1998,,
Scotland,Morocco,0,,,3,,,Craig Brown,,Henri Michel,,36000,"Stade Geoffroy-Guichard, Saint-Étienne",Group stage,6/23/1998,0–3,,France,1998,,
Colombia,Tunisia,1,,,0,,,Hernán Darío Gómez,,Henryk Kasperczak,,35500,"Stade de la Mosson, Montpellier",Group stage,6/22/1998,1–0,,France,1998,,
Romania,England,2,,,1,,,Anghel Iordănescu,,Glenn Hoddle,,33140,"Stadium Municipal, Toulouse",Group stage,6/22/1998,2–1,,France,1998,,
Germany,FR Yugoslavia,2,,,2,,,Berti Vogts,,Slobodan Santrač,,41275,"Stade Bollaert-Delelis, Lens",Group stage,6/21/1998,2–2,,France,1998,,
Argentina,Jamaica,5,,,0,,,Daniel Passarella,,René Simões,,45500,"Parc des Princes, Paris",Group stage,6/21/1998,5–0,,France,1998,,
United States,IR Iran,1,,,2,,,Steve Sampson,,Jalal Talebi,,43300,"Matmut Stadium de Gerland, Lyon",Group stage,6/21/1998,1–2,,France,1998,,
Japan,Croatia,0,,,1,,,Takeshi Okada,,Miroslav Blažević,,35500,"Stade de la Beaujoire - Louis Fonteneau, Nantes",Group stage,6/20/1998,0–1,,France,1998,,
Belgium,Mexico,2,,,2,,,Georges Leekens,,Manuel Lapuente,,31800,"Stade Jacques Chaban-Delmas, Bordeaux",Group stage,6/20/1998,2–2,,France,1998,,
Netherlands,Korea Republic,5,,,0,,,Guus Hiddink,,Cha Bum-kun,,55000,"Orange Vélodrome, Marseille",Group stage,6/20/1998,5–0,,France,1998,,
Nigeria,Bulgaria,1,,,0,,,Bora Milutinović,,Hristo Bonev,,48000,"Parc des Princes, Paris",Group stage,6/19/1998,1–0,,France,1998,,
Spain,Paraguay,0,,,0,,,Javier Clemente,,Paulo César Carpegiani,,36000,"Stade Geoffroy-Guichard, Saint-Étienne",Group stage,6/19/1998,0–0,,France,1998,,
South Africa,Denmark,1,,,1,,,Philippe Troussier,,Bo Johansson,,33500,"Stadium Municipal, Toulouse",Group stage,6/18/1998,1–1,,France,1998,,
France,Saudi Arabia,4,,,0,,,Aimé Jacquet,,Carlos Alberto Parreira,,80000,"Stade de France, Paris",Group stage,6/18/1998,4–0,,France,1998,,
Chile,Austria,1,,,1,,,Nelson Acosta,,Herbert Prohaska,,36000,"Stade Geoffroy-Guichard, Saint-Étienne",Group stage,6/17/1998,1–1,,France,1998,,
Italy,Cameroon,3,,,0,,,Cesare Maldini,,Claude Le Roy,,35500,"Stade de la Mosson, Montpellier",Group stage,6/17/1998,3–0,,France,1998,,
Scotland,Norway,1,,,1,,,Craig Brown,,Egil Olsen,,31800,"Stade Jacques Chaban-Delmas, Bordeaux",Group stage,6/16/1998,1–1,,France,1998,,
Brazil,Morocco,3,,,0,,,Mário Zagallo,,Henri Michel,,38500,"Stade de la Beaujoire - Louis Fonteneau, Nantes",Group stage,6/16/1998,3–0,,France,1998,,
England,Tunisia,2,,,0,,,Glenn Hoddle,,Henryk Kasperczak,,54587,"Orange Vélodrome, Marseille",Group stage,6/15/1998,2–0,,France,1998,,
Romania,Colombia,1,,,0,,,Anghel Iordănescu,,Hernán Darío Gómez,,43300,"Matmut Stadium de Gerland, Lyon",Group stage,6/15/1998,1–0,,France,1998,,
Germany,United States,2,,,0,,,Berti Vogts,,Steve Sampson,,49000,"Parc des Princes, Paris",Group stage,6/15/1998,2–0,,France,1998,,
Argentina,Japan,1,,,0,,,Daniel Passarella,,Takeshi Okada,,33500,"Stadium Municipal, Toulouse",Group stage,6/14/1998,1–0,,France,1998,,
FR Yugoslavia,IR Iran,1,,,0,,,Slobodan Santrač,,Jalal Talebi,,36000,"Stade Geoffroy-Guichard, Saint-Étienne",Group stage,6/14/1998,1–0,,France,1998,,
Jamaica,Croatia,1,,,3,,,René Simões,,Miroslav Blažević,,38100,"Stade Bollaert-Delelis, Lens",Group stage,6/14/1998,1–3,,France,1998,,
Spain,Nigeria,2,,,3,,,Javier Clemente,,Bora Milutinović,,38000,"Stade de la Beaujoire - Louis Fonteneau, Nantes",Group stage,6/13/1998,2–3,,France,1998,,
Korea Republic,Mexico,1,,,3,,,Cha Bum-kun,,Manuel Lapuente,,39100,"Matmut Stadium de Gerland, Lyon",Group stage,6/13/1998,1–3,,France,1998,,
Netherlands,Belgium,0,,,0,,,Guus Hiddink,,Georges Leekens,,77000,"Stade de France, Paris",Group stage,6/13/1998,0–0,,France,1998,,
Paraguay,Bulgaria,0,,,0,,,Paulo César Carpegiani,,Hristo Bonev,,27650,"Stade de la Mosson, Montpellier",Group stage,6/12/1998,0–0,,France,1998,,
Saudi Arabia,Denmark,0,,,1,,,Carlos Alberto Parreira,,Bo Johansson,,38100,"Stade Bollaert-Delelis, Lens",Group stage,6/12/1998,0–1,,France,1998,,
France,South Africa,3,,,0,,,Aimé Jacquet,,Philippe Troussier,,55000,"Orange Vélodrome, Marseille",Group stage,6/12/1998,3–0,,France,1998,,
Italy,Chile,2,,,2,,,Cesare Maldini,,Nelson Acosta,,35200,"Stade Jacques Chaban-Delmas, Bordeaux",Group stage,6/11/1998,2–2,,France,1998,,
Cameroon,Austria,1,,,1,,,Claude Le Roy,,Herbert Prohaska,,36500,"Stadium Municipal, Toulouse",Group stage,6/11/1998,1–1,,France,1998,,
Brazil,Scotland,2,,,1,,,Mário Zagallo,,Craig Brown,,80000,"Stade de France, Paris",Group stage,6/10/1998,2–1,,France,1998,,
Morocco,Norway,2,,,2,,,Henri Michel,,Egil Olsen,,29750,"Stade de la Mosson, Montpellier",Group stage,6/10/1998,2–2,,France,1998,,
Brazil,Italy,0,,3,0,,2,Carlos Alberto Parreira,Dunga,Arrigo Sacchi,Franco Baresi,94194,"Rose Bowl, Los Angeles",Final,7/17/1994,(3) 0–0 (2),Brazil won on penalty kicks following extra time,United States,1994,,
Sweden,Bulgaria,4,,,0,,,Tommy Svensson,Roland Nilsson,Dimitar Penev,Borislav Mikhailov,91500,"Rose Bowl, Los Angeles",Third-place match,7/16/1994,4–0,,United States,1994,,
Bulgaria,Italy,1,,,2,,,Dimitar Penev,Borislav Mikhailov,Arrigo Sacchi,Paolo Maldini,74110,"Giants Stadium, New York/New Jersey",Semi-finals,7/13/1994,1–2,,United States,1994,,
Sweden,Brazil,0,,,1,,,Tommy Svensson,Jonas Thern,Carlos Alberto Parreira,Dunga,91856,"Rose Bowl, Los Angeles",Semi-finals,7/13/1994,0–1,,United States,1994,,
Bulgaria,Germany,2,,,1,,,Dimitar Penev,Borislav Mikhailov,Berti Vogts,Lothar Matthäus,72000,"Giants Stadium, New York/New Jersey",Quarter-finals,7/10/1994,2–1,,United States,1994,,
Romania,Sweden,2,,4,2,,5,Anghel Iordanescu,Gheorghe Hagi,Tommy Svensson,Roland Nilsson,83500,"Stanford Stadium, San Francisco",Quarter-finals,7/10/1994,(4) 2–2 (5),Sweden won on penalty kicks following extra time,United States,1994,,
Italy,Spain,2,,,1,,,Arrigo Sacchi,Paolo Maldini,Javier Clemente,Andoni Zubizarreta,53400,"Foxboro Stadium, Boston",Quarter-finals,7/9/1994,2–1,,United States,1994,,
Netherlands,Brazil,2,,,3,,,Dick Advocaat,Ronald Koeman,Carlos Alberto Parreira,Dunga,63500,"Cotton Bowl, Dallas",Quarter-finals,7/9/1994,2–3,,United States,1994,,
Nigeria,Italy,1,,,2,,,Clemens Westerhof,Peter Rufai,Arrigo Sacchi,Paolo Maldini,54367,"Foxboro Stadium, Boston",Round of 16,7/5/1994,1–2,Required Extra Time,United States,1994,,
Mexico,Bulgaria,1,,1,1,,3,Miguel Mejia Baron,Ignacio Ambríz,Dimitar Penev,Borislav Mikhailov,71030,"Giants Stadium, New York/New Jersey",Round of 16,7/5/1994,(1) 1–1 (3),Bulgaria won on penalty kicks following extra time,United States,1994,,
Netherlands,Republic of Ireland,2,,,0,,,Dick Advocaat,Ronald Koeman,Jack Charlton,Andy Townsend,61355,"Citrus Bowl, Orlando",Round of 16,7/4/1994,2–0,,United States,1994,,
Brazil,United States,1,,,0,,,Carlos Alberto Parreira,Dunga,Bora Milutinovic,Tony Meola,84147,"Stanford Stadium, San Francisco",Round of 16,7/4/1994,1–0,,United States,1994,,
Saudi Arabia,Sweden,1,,,3,,,Jorge Solari,Mohamed Al-Jawad,Tommy Svensson,Jonas Thern,60277,"Cotton Bowl, Dallas",Round of 16,7/3/1994,1–3,,United States,1994,,
Romania,Argentina,3,,,2,,,Anghel Iordanescu,Gheorghe Hagi,Alfio Basile,Oscar Ruggeri,90469,"Rose Bowl, Los Angeles",Round of 16,7/3/1994,3–2,,United States,1994,,
Germany,Belgium,3,,,2,,,Berti Vogts,Lothar Matthäus,Paul Van Himst,Georges Grün,60246,"Soldier Field, Chicago",Round of 16,7/2/1994,3–2,,United States,1994,,
Spain,Switzerland,3,,,0,,,Javier Clemente,Andoni Zubizarreta,Roy Hodgson,Alain Geiger,53121,"RFK Stadium, Washington Dc",Round of 16,7/2/1994,3–0,,United States,1994,,
Greece,Nigeria,0,,,2,,,Alkis Panagoulias,Tasos Mitropoulos,Clemens Westerhof,Stephen Keshi,53001,"Foxboro Stadium, Boston",Group stage,6/30/1994,0–2,,United States,1994,,
Argentina,Bulgaria,0,,,2,,,Alfio Basile,Oscar Ruggeri,Dimitar Penev,Borislav Mikhailov,63998,"Cotton Bowl, Dallas",Group stage,6/30/1994,0–2,,United States,1994,,
Morocco,Netherlands,1,,,2,,,Abdellah Blinda,Tahar El Khalej,Dick Advocaat,Ronald Koeman,60578,"Citrus Bowl, Orlando",Group stage,6/29/1994,1–2,,United States,1994,,
Belgium,Saudi Arabia,0,,,1,,,Paul Van Himst,Enzo Scifo,Jorge Solari,Majed Abdullah,52959,"RFK Stadium, Washington Dc",Group stage,6/29/1994,0–1,,United States,1994,,
Italy,Mexico,1,,,1,,,Arrigo Sacchi,Paolo Maldini,Miguel Mejia Baron,Ignacio Ambríz,52535,"RFK Stadium, Washington Dc",Group stage,6/28/1994,1–1,,United States,1994,,
Republic of Ireland,Norway,0,,,0,,,Jack Charlton,Andy Townsend,Egil Olsen,Rune Bratseth,72404,"Giants Stadium, New York/New Jersey",Group stage,6/28/1994,0–0,,United States,1994,,
Russia,Cameroon,6,,,1,,,Pavel Sadyrin,Viktor Onopko,Henri Michel,Stephen Tataw,74914,"Stanford Stadium, San Francisco",Group stage,6/28/1994,6–1,,United States,1994,,
Brazil,Sweden,1,,,1,,,Carlos Alberto Parreira,Raí,Tommy Svensson,Jonas Thern,77217,"Pontiac Silverdome, Detroit",Group stage,6/28/1994,1–1,,United States,1994,,
Germany,Korea Republic,3,,,2,,,Berti Vogts,Lothar Matthäus,Ho Kon Kim,Choi In-young,63998,"Cotton Bowl, Dallas",Group stage,6/27/1994,3–2,,United States,1994,,
Bolivia,Spain,1,,,3,,,Xavier Azkargorta Uriarte,Carlos Fernando Borja,Javier Clemente,Andoni Zubizarreta,63089,"Soldier Field, Chicago",Group stage,6/27/1994,1–3,,United States,1994,,
Bulgaria,Greece,4,,,0,,,Dimitar Penev,Borislav Mikhailov,Alkis Panagoulias,Stratos Apostolakis,63160,"Soldier Field, Chicago",Group stage,6/26/1994,4–0,,United States,1994,,
United States,Romania,0,,,1,,,Bora Milutinovic,Tony Meola,Anghel Iordanescu,Gheorghe Hagi,93869,"Rose Bowl, Los Angeles",Group stage,6/26/1994,0–1,,United States,1994,,
Switzerland,Colombia,0,,,2,,,Roy Hodgson,Alain Geiger,Francisco Maturana,Carlos Valderrama,83401,"Stanford Stadium, San Francisco",Group stage,6/26/1994,0–2,,United States,1994,,
Belgium,Netherlands,1,,,0,,,Paul Van Himst,Georges Grün,Dick Advocaat,Ronald Koeman,62387,"Citrus Bowl, Orlando",Group stage,6/25/1994,1–0,,United States,1994,,
Saudi Arabia,Morocco,2,,,1,,,Jorge Solari,Mohamed Al-Jawad,Abdellah Blinda,Khalil Azmi,76322,"Giants Stadium, New York/New Jersey",Group stage,6/25/1994,2–1,,United States,1994,,
Argentina,Nigeria,2,,,1,,,Alfio Basile,Diego Maradona,Clemens Westerhof,Peter Rufai,54453,"Foxboro Stadium, Boston",Group stage,6/25/1994,2–1,,United States,1994,,
Mexico,Republic of Ireland,2,,,1,,,Miguel Mejia Baron,Ignacio Ambríz,Jack Charlton,Andy Townsend,60790,"Citrus Bowl, Orlando",Group stage,6/24/1994,2–1,,United States,1994,,
Brazil,Cameroon,3,,,0,,,Carlos Alberto Parreira,Raí,Henri Michel,Stephen Tataw,83401,"Stanford Stadium, San Francisco",Group stage,6/24/1994,3–0,,United States,1994,,
Sweden,Russia,3,,,1,,,Tommy Svensson,Jonas Thern,Pavel Sadyrin,Dmitri Kharine,71528,"Pontiac Silverdome, Detroit",Group stage,6/24/1994,3–1,,United States,1994,,
Italy,Norway,1,,,0,,,Arrigo Sacchi,Franco Baresi,Egil Olsen,Rune Bratseth,74624,"Giants Stadium, New York/New Jersey",Group stage,6/23/1994,1–0,,United States,1994,,
Korea Republic,Bolivia,0,,,0,,,Ho Kon Kim,Choi In-young,Xavier Azkargorta Uriarte,Carlos Fernando Borja,54453,"Foxboro Stadium, Boston",Group stage,6/23/1994,0–0,,United States,1994,,
Romania,Switzerland,1,,,4,,,Anghel Iordanescu,Gheorghe Hagi,Roy Hodgson,Alain Geiger,61428,"Pontiac Silverdome, Detroit",Group stage,6/22/1994,1–4,,United States,1994,,
United States,Colombia,2,,,1,,,Bora Milutinovic,Tony Meola,Francisco Maturana,Carlos Valderrama,93869,"Rose Bowl, Los Angeles",Group stage,6/22/1994,2–1,,United States,1994,,
Argentina,Greece,4,,,0,,,Alfio Basile,Diego Maradona,Alkis Panagoulias,Dimitris Saravakos,54456,"Foxboro Stadium, Boston",Group stage,6/21/1994,4–0,,United States,1994,,
Germany,Spain,1,,,1,,,Berti Vogts,Lothar Matthäus,Javier Clemente,Andoni Zubizarreta,63113,"Soldier Field, Chicago",Group stage,6/21/1994,1–1,,United States,1994,,
Nigeria,Bulgaria,3,,,0,,,Clemens Westerhof,Peter Rufai,Dimitar Penev,Borislav Mikhailov,44132,"Cotton Bowl, Dallas",Group stage,6/21/1994,3–0,,United States,1994,,
Brazil,Russia,2,,,0,,,Carlos Alberto Parreira,Raí,Pavel Sadyrin,Dmitri Kharine,81061,"Stanford Stadium, San Francisco",Group stage,6/20/1994,2–0,,United States,1994,,
Netherlands,Saudi Arabia,2,,,1,,,Dick Advocaat,Ronald Koeman,Jorge Solari,Majed Abdullah,50535,"RFK Stadium, Washington Dc",Group stage,6/20/1994,2–1,,United States,1994,,
Belgium,Morocco,1,,,0,,,Paul Van Himst,Georges Grün,Abdellah Blinda,Mustafa El Haddaoui,61219,"Citrus Bowl, Orlando",Group stage,6/19/1994,1–0,,United States,1994,,
Norway,Mexico,1,,,0,,,Egil Olsen,Rune Bratseth,Miguel Mejia Baron,Ignacio Ambríz,52395,"RFK Stadium, Washington Dc",Group stage,6/19/1994,1–0,,United States,1994,,
Cameroon,Sweden,2,,,2,,,Henri Michel,Stephen Tataw,Tommy Svensson,Jonas Thern,93194,"Rose Bowl, Los Angeles",Group stage,6/19/1994,2–2,,United States,1994,,
United States,Switzerland,1,,,1,,,Bora Milutinovic,Tony Meola,Roy Hodgson,Alain Geiger,73425,"Pontiac Silverdome, Detroit",Group stage,6/18/1994,1–1,,United States,1994,,
Italy,Republic of Ireland,0,,,1,,,Arrigo Sacchi,Franco Baresi,Jack Charlton,Andy Townsend,75338,"Giants Stadium, New York/New Jersey",Group stage,6/18/1994,0–1,,United States,1994,,
Colombia,Romania,1,,,3,,,Francisco Maturana,Carlos Valderrama,Anghel Iordanescu,Gheorghe Hagi,91856,"Rose Bowl, Los Angeles",Group stage,6/18/1994,1–3,,United States,1994,,
Germany,Bolivia,1,,,0,,,Berti Vogts,Lothar Matthäus,Xavier Azkargorta Uriarte,Carlos Fernando Borja,63117,"Soldier Field, Chicago",Group stage,6/17/1994,1–0,,United States,1994,,
Spain,Korea Republic,2,,,2,,,Javier Clemente,Miguel Ángel Nadal,Ho Kon Kim,Choi In-young,56247,"Cotton Bowl, Dallas",Group stage,6/17/1994,2–2,,United States,1994,,
West Germany,Argentina,1,,,0,,,Franz Beckenbauer,Lothar Matthäus,Carlos Bilardo,Diego Maradona,73603,"Stadio Olimpico, Rome",Final,7/8/1990,1–0,,Italy,1990,,
Italy,England,2,,,1,,,Azeglio Vicini,Giuseppe Bergomi,Bobby Robson,Peter Shilton,51426,"Stadio San Nicola, Bari",Third-place match,7/7/1990,2–1,,Italy,1990,,
West Germany,England,1,,4,1,,3,Franz Beckenbauer,Lothar Matthäus,Bobby Robson,Terry Butcher,62628,"Stadio delle Alpi, Turin",Semi-finals,7/4/1990,(4) 1–1 (3),West Germany won on penalty kicks following extra time,Italy,1990,,
Italy,Argentina,1,,3,1,,4,Azeglio Vicini,Giuseppe Bergomi,Carlos Bilardo,Diego Maradona,59978,"San Paolo, Naples",Semi-finals,7/3/1990,(3) 1–1 (4),Argentina won on penalty kicks following extra time,Italy,1990,,
West Germany,Czechoslovakia,1,,,0,,,Franz Beckenbauer,Lothar Matthäus,Jozef Venglos,Ivan Hašek,73347,"Giuseppe Meazza, Milan",Quarter-finals,7/1/1990,1–0,,Italy,1990,,
England,Cameroon,3,,,2,,,Bobby Robson,Terry Butcher,Valeri Nepomnyashchi,Stephen Tataw,55205,"San Paolo, Naples",Quarter-finals,7/1/1990,3–2,Required Extra Time,Italy,1990,,
Yugoslavia,Argentina,0,,2,0,,3,Ivica Osim,Zlatko Vujović,Carlos Bilardo,Diego Maradona,38971,"Comunale, Florence",Quarter-finals,6/30/1990,(2) 0–0 (3),Argentina won on penalty kicks following extra time,Italy,1990,,
Italy,Republic of Ireland,1,,,0,,,Azeglio Vicini,Giuseppe Bergomi,Jack Charlton,Mick McCarthy,73303,"Stadio Olimpico, Rome",Quarter-finals,6/30/1990,1–0,,Italy,1990,,
Spain,Yugoslavia,1,,,2,,,Luis Suarez,Emilio Butragueño,Ivica Osim,Zlatko Vujović,35500,"Marc Antonio Bentegodi, Verona",Round of 16,6/26/1990,1–2,Required Extra Time,Italy,1990,,
England,Belgium,1,,,0,,,Bobby Robson,Terry Butcher,Guy Thys,Jan Ceulemans,34520,"Renato Dall Ara, Bologna",Round of 16,6/26/1990,1–0,Required Extra Time,Italy,1990,,
Republic of Ireland,Romania,0,,5,0,,4,Jack Charlton,Paul McGrath,Emerich Jenei,Silviu Lung,31818,"Luigi Ferraris, Genoa",Round of 16,6/25/1990,(5) 0–0 (4),Rep. of Ireland won on penalty kicks following extra time,Italy,1990,,
Italy,Uruguay,2,,,0,,,Azeglio Vicini,Giuseppe Bergomi,Oscar Tabarez,Enzo Francescoli,73303,"Stadio Olimpico, Rome",Round of 16,6/25/1990,2–0,,Italy,1990,,
Brazil,Argentina,0,,,1,,,Sebastiao Lazaroni,Ricardo Gomes,Carlos Bilardo,Diego Maradona,61381,"Stadio delle Alpi, Turin",Round of 16,6/24/1990,0–1,,Italy,1990,,
West Germany,Netherlands,2,,,1,,,Franz Beckenbauer,Lothar Matthäus,Leo Beenhakker,Ruud Gullit,74559,"Giuseppe Meazza, Milan",Round of 16,6/24/1990,2–1,,Italy,1990,,
Cameroon,Colombia,2,,,1,,,Valeri Nepomnyashchi,Stephen Tataw,Francisco Maturana,Carlos Valderrama,50026,"San Paolo, Naples",Round of 16,6/23/1990,2–1,Required Extra Time,Italy,1990,,
Czechoslovakia,Costa Rica,4,,,1,,,Jozef Venglos,Ivan Hašek,Bora Milutinovic,Róger Flores,47673,"Stadio San Nicola, Bari",Round of 16,6/23/1990,4–1,,Italy,1990,,
Belgium,Spain,1,,,2,,,Guy Thys,Jan Ceulemans,Luis Suarez,Emilio Butragueño,35950,"Marc Antonio Bentegodi, Verona",Group stage,6/21/1990,1–2,,Italy,1990,,
Korea Republic,Uruguay,0,,,1,,,Hoe Taik Lee,Choi Soon-ho,Oscar Tabarez,Enzo Francescoli,29039,"Friuli, Udine",Group stage,6/21/1990,0–1,,Italy,1990,,
Republic of Ireland,Netherlands,1,,,1,,,Jack Charlton,Mick McCarthy,Leo Beenhakker,Ruud Gullit,33288,"Della Favorita, Palermo",Group stage,6/21/1990,1–1,,Italy,1990,,
England,Egypt,1,,,0,,,Bobby Robson,Peter Shilton,Mahmoud El Gohary,Gamal Abdel-Hameed,34959,"Sant Elia, Cagliari",Group stage,6/21/1990,1–0,,Italy,1990,,
Sweden,Costa Rica,1,,,2,,,Olle Nordin,Glenn Hysén,Bora Milutinovic,Róger Flores,30223,"Luigi Ferraris, Genoa",Group stage,6/20/1990,1–2,,Italy,1990,,
Brazil,Scotland,1,,,0,,,Sebastiao Lazaroni,Ricardo Gomes,Andy Roxburgh,Roy Aitken,62502,"Stadio delle Alpi, Turin",Group stage,6/20/1990,1–0,,Italy,1990,,
West Germany,Colombia,1,,,1,,,Franz Beckenbauer,Lothar Matthäus,Francisco Maturana,Carlos Valderrama,72510,"Giuseppe Meazza, Milan",Group stage,6/19/1990,1–1,,Italy,1990,,
Yugoslavia,United Arab Emirates,4,,,1,,,Ivica Osim,Zlatko Vujović,Carlos Alberto Parreira,Abdulrahman Mohamed,27833,"Renato Dall Ara, Bologna",Group stage,6/19/1990,4–1,,Italy,1990,,
Austria,United States,2,,,1,,,Josef Hickersberger,Toni Polster,Bob Gansler,Mike Windischmann,34857,"Comunale, Florence",Group stage,6/19/1990,2–1,,Italy,1990,,
Italy,Czechoslovakia,2,,,0,,,Azeglio Vicini,Giuseppe Bergomi,Jozef Venglos,Ivan Hašek,73303,"Stadio Olimpico, Rome",Group stage,6/19/1990,2–0,,Italy,1990,,
Argentina,Romania,1,,,1,,,Carlos Bilardo,Diego Maradona,Emerich Jenei,Silviu Lung,52733,"San Paolo, Naples",Group stage,6/18/1990,1–1,,Italy,1990,,
Cameroon,Soviet Union,0,,,4,,,Valeri Nepomnyashchi,Stephen Tataw,Valeriy Lobanovskyi,Anatoliy Demyanenko,37307,"Stadio San Nicola, Bari",Group stage,6/18/1990,0–4,,Italy,1990,,
Republic of Ireland,Egypt,0,,,0,,,Jack Charlton,Mick McCarthy,Mahmoud El Gohary,Rabie Yassin,33288,"Della Favorita, Palermo",Group stage,6/17/1990,0–0,,Italy,1990,,
Belgium,Uruguay,3,,,1,,,Guy Thys,Jan Ceulemans,Oscar Tabarez,Enzo Francescoli,33759,"Marc Antonio Bentegodi, Verona",Group stage,6/17/1990,3–1,,Italy,1990,,
Korea Republic,Spain,1,,,3,,,Hoe Taik Lee,Choi Soon-ho,Luis Suarez,Emilio Butragueño,32733,"Dacia Arena, Udine",Group stage,6/17/1990,1–3,,Italy,1990,,
Brazil,Costa Rica,1,,,0,,,Sebastiao Lazaroni,Ricardo Gomes,Bora Milutinovic,Róger Flores,58007,"Stadio delle Alpi, Turin",Group stage,6/16/1990,1–0,,Italy,1990,,
England,Netherlands,0,,,0,,,Bobby Robson,Bryan Robson,Leo Beenhakker,Ruud Gullit,35267,"Sant Elia, Cagliari",Group stage,6/16/1990,0–0,,Italy,1990,,
Sweden,Scotland,1,,,2,,,Olle Nordin,Glenn Hysén,Andy Roxburgh,Roy Aitken,31823,"Luigi Ferraris, Genoa",Group stage,6/16/1990,1–2,,Italy,1990,,
Austria,Czechoslovakia,0,,,1,,,Josef Hickersberger,Toni Polster,Jozef Venglos,Ivan Hašek,38962,"Comunale, Florence",Group stage,6/15/1990,0–1,,Italy,1990,,
West Germany,United Arab Emirates,5,,,1,,,Franz Beckenbauer,Lothar Matthäus,Carlos Alberto Parreira,Abdulrahman Mohamed,71169,"Giuseppe Meazza, Milan",Group stage,6/15/1990,5–1,,Italy,1990,,
Yugoslavia,Colombia,1,,,0,,,Ivica Osim,Zlatko Vujović,Francisco Maturana,Carlos Valderrama,32257,"Renato Dall Ara, Bologna",Group stage,6/14/1990,1–0,,Italy,1990,,
Cameroon,Romania,2,,,1,,,Valeri Nepomnyashchi,Stephen Tataw,Emerich Jenei,Silviu Lung,38687,"Stadio San Nicola, Bari",Group stage,6/14/1990,2–1,,Italy,1990,,
Italy,United States,1,,,0,,,Azeglio Vicini,Giuseppe Bergomi,Bob Gansler,Mike Windischmann,73423,"Stadio Olimpico, Rome",Group stage,6/14/1990,1–0,,Italy,1990,,
Uruguay,Spain,0,,,0,,,Oscar Tabarez,Enzo Francescoli,Luis Suarez,Emilio Butragueño,35713,"Dacia Arena, Udine",Group stage,6/13/1990,0–0,,Italy,1990,,
Argentina,Soviet Union,2,,,0,,,Carlos Bilardo,Diego Maradona,Valeriy Lobanovskyi,Oleh Kuznetsov,55759,"San Paolo, Naples",Group stage,6/13/1990,2–0,,Italy,1990,,
Belgium,Korea Republic,2,,,0,,,Guy Thys,Eric Gerets,Hoe Taik Lee,Chung Yong-hwan,32790,"Marc Antonio Bentegodi, Verona",Group stage,6/12/1990,2–0,,Italy,1990,,
Netherlands,Egypt,1,,,1,,,Leo Beenhakker,Ruud Gullit,Mahmoud El Gohary,Gamal Abdel-Hameed,33288,"Della Favorita, Palermo",Group stage,6/12/1990,1–1,,Italy,1990,,
Costa Rica,Scotland,1,,,0,,,Bora Milutinovic,Róger Flores,Andy Roxburgh,Roy Aitken,30867,"Luigi Ferraris, Genoa",Group stage,6/11/1990,1–0,,Italy,1990,,
England,Republic of Ireland,1,,,1,,,Bobby Robson,Bryan Robson,Jack Charlton,Mick McCarthy,35238,"Sant Elia, Cagliari",Group stage,6/11/1990,1–1,,Italy,1990,,
United States,Czechoslovakia,1,,,5,,,Bob Gansler,Mike Windischmann,Jozef Venglos,Ivan Hašek,33266,"Comunale, Florence",Group stage,6/10/1990,1–5,,Italy,1990,,
West Germany,Yugoslavia,4,,,1,,,Franz Beckenbauer,Lothar Matthäus,Ivica Osim,Zlatko Vujović,74765,"Giuseppe Meazza, Milan",Group stage,6/10/1990,4–1,,Italy,1990,,
Brazil,Sweden,2,,,1,,,Sebastiao Lazaroni,Ricardo Gomes,Olle Nordin,Jonas Thern,62628,"Stadio delle Alpi, Turin",Group stage,6/10/1990,2–1,,Italy,1990,,
United Arab Emirates,Colombia,0,,,2,,,Carlos Alberto Parreira,Fahad Khamees,Francisco Maturana,Carlos Valderrama,30791,"Renato Dall Ara, Bologna",Group stage,6/9/1990,0–2,,Italy,1990,,
Soviet Union,Romania,0,,,2,,,Valeriy Lobanovskyi,Rinat Dasayev,Emerich Jenei,Silviu Lung,42907,"Stadio San Nicola, Bari",Group stage,6/9/1990,0–2,,Italy,1990,,
Italy,Austria,1,,,0,,,Azeglio Vicini,Giuseppe Bergomi,Josef Hickersberger,Toni Polster,73303,"Stadio Olimpico, Rome",Group stage,6/9/1990,1–0,,Italy,1990,,
Argentina,Cameroon,0,,,1,,,Carlos Bilardo,Diego Maradona,Valeri Nepomnyashchi,Stephen Tataw,73780,"Giuseppe Meazza, Milan",Group stage,6/8/1990,0–1,,Italy,1990,,
Argentina,West Germany,3,,,2,,,Carlos Bilardo,Diego Maradona,Franz Beckenbauer,Karl-Heinz Rummenigge,114600,"Estadio Azteca, Mexico City",Final,6/29/1986,3–2,,Mexico,1986,,
France,Belgium,4,,,2,,,Henri Michel,Patrick Battiston,Guy Thys,Jan Ceulemans,21000,"Cuauhtemoc, Puebla",Third-place match,6/28/1986,4–2,Required Extra Time,Mexico,1986,,
France,West Germany,0,,,2,,,Henri Michel,Michel Platini,Franz Beckenbauer,Karl-Heinz Rummenigge,45000,"Jalisco, Guadalajara",Semi-finals,6/25/1986,0–2,,Mexico,1986,,
Argentina,Belgium,2,,,0,,,Carlos Bilardo,Diego Maradona,Guy Thys,Jan Ceulemans,114500,"Estadio Azteca, Mexico City",Semi-finals,6/25/1986,2–0,,Mexico,1986,,
Argentina,England,2,,,1,,,Carlos Bilardo,Diego Maradona,Bobby Robson,Peter Shilton,114580,"Estadio Azteca, Mexico City",Quarter-finals,6/22/1986,2–1,,Mexico,1986,,
Spain,Belgium,1,,4,1,,5,Miguel Munoz,José Antonio Camacho,Guy Thys,Jan Ceulemans,45000,"Cuauhtemoc, Puebla",Quarter-finals,6/22/1986,(4) 1–1 (5),Belgium won on penalty kicks following extra time,Mexico,1986,,
Brazil,France,1,,3,1,,4,Tele Santana,Edinho,Henri Michel,Michel Platini,65000,"Jalisco, Guadalajara",Quarter-finals,6/21/1986,(3) 1–1 (4),France won on penalty kicks following extra time,Mexico,1986,,
West Germany,Mexico,0,,4,0,,1,Franz Beckenbauer,Karl-Heinz Rummenigge,Bora Milutinovic,Tomás Boy,41700,"Estadio Universitario, Monterrey",Quarter-finals,6/21/1986,(4) 0–0 (1),West Germany won on penalty kicks following extra time,Mexico,1986,,
England,Paraguay,3,,,0,,,Bobby Robson,Peter Shilton,Cayetano Re,Rogelio Delgado,98728,"Estadio Azteca, Mexico City",Round of 16,6/18/1986,3–0,,Mexico,1986,,
Denmark,Spain,1,,,5,,,Sepp Piontek,Morten Olsen,Miguel Munoz,José Antonio Camacho,38500,"Estadio Corregidora, Queretaro",Round of 16,6/18/1986,1–5,,Mexico,1986,,
Italy,France,0,,,2,,,Enzo Bearzot,Gaetano Scirea,Henri Michel,Michel Platini,70000,"Estadio Olï¿½mpico Universitario, Mexico City",Round of 16,6/17/1986,0–2,,Mexico,1986,,
Morocco,West Germany,0,,,1,,,Jose Faria,Ezzaki Badou,Franz Beckenbauer,Karl-Heinz Rummenigge,19800,"Estadio Universitario, Monterrey",Round of 16,6/17/1986,0–1,,Mexico,1986,,Argentina
Brazil,Poland,4,,,0,,,Tele Santana,Edinho,Antoni Piechniczek,Zbigniew Boniek,45000,"Jalisco, Guadalajara",Round of 16,6/16/1986,4–0,,Mexico,1986,,France
Argentina,Uruguay,1,,,0,,,Carlos Bilardo,Diego Maradona,Omar Borras,Jorge Barrios,26000,"Cuauhtemoc, Puebla",Round of 16,6/16/1986,1–0,,Mexico,1986,,Spain
Mexico,Bulgaria,2,,,0,,,Bora Milutinovic,Tomás Boy,Ivan Vutsov,Georgi Dimitrov,114580,"Estadio Azteca, Mexico City",Round of 16,6/15/1986,2–0,,Mexico,1986,,Brazil
Soviet Union,Belgium,3,,,4,,,Valeriy Lobanovskyi,Anatoliy Demyanenko,Guy Thys,Jan Ceulemans,32277,"Nou Camp - Estadio Leï¿½n, Leon",Round of 16,6/15/1986,3–4,Required Extra Time,Mexico,1986,,West Germany
Scotland,Uruguay,0,,,0,,,Alex Ferguson,Willie Miller,Omar Borras,Jorge Barrios,20000,"Neza, Nezahualcoyotl",Group stage,6/13/1986,0–0,,Mexico,1986,,England
Denmark,West Germany,2,,,0,,,Sepp Piontek,Morten Olsen,Franz Beckenbauer,Harald Schumacher,36000,"Estadio Corregidora, Queretaro",Group stage,6/13/1986,2–0,,Mexico,1986,,Denmark
Algeria,Spain,0,,,3,,,Rabah Saadane,Mahmoud Guendouz,Miguel Munoz,José Antonio Camacho,23980,"Tecnologico, Monterrey",Group stage,6/12/1986,0–3,,Mexico,1986,,Italy
Northern Ireland,Brazil,0,,,3,,,Billy Bingham,Sammy McIlroy,Tele Santana,Edinho,51000,"Jalisco, Guadalajara",Group stage,6/12/1986,0–3,,Mexico,1986,,Morocco
Paraguay,Belgium,2,,,2,,,Cayetano Re,Rogelio Delgado,Guy Thys,Jan Ceulemans,16000,"Bombonera - Estadio Nemesio Diez, Toluca",Group stage,6/11/1986,2–2,,Mexico,1986,,Mexico
Iraq,Mexico,0,,,1,,,Evaristo,Khalil Allawi,Bora Milutinovic,Tomás Boy,103763,"Estadio Azteca, Mexico City",Group stage,6/11/1986,0–1,,Mexico,1986,,Soviet Union
England,Poland,3,,,0,,,Bobby Robson,Peter Shilton,Antoni Piechniczek,Zbigniew Boniek,22700,"Tecnologico, Monterrey",Group stage,6/11/1986,3–0,,Mexico,1986,,Scotland
Portugal,Morocco,1,,,3,,,Jose Torres,Fernando Gomes,Jose Faria,Ezzaki Badou,28000,"Tres de Marzo, Guadalajara",Group stage,6/11/1986,1–3,,Mexico,1986,,Algeria
Argentina,Bulgaria,2,,,0,,,Carlos Bilardo,Diego Maradona,Ivan Vutsov,Georgi Dimitrov,65000,"Estadio Olï¿½mpico Universitario, Mexico City",Group stage,6/10/1986,2–0,,Mexico,1986,,Northern Ireland
Korea Republic,Italy,2,,,3,,,Jung Nam Kim,Park Chang-sun,Enzo Bearzot,Gaetano Scirea,20000,"Cuauhtemoc, Puebla",Group stage,6/10/1986,2–3,,Mexico,1986,,Paraguay
Soviet Union,Canada,2,,,0,,,Valeriy Lobanovskyi,Oleh Blokhin,Tony Waiters,Bruce Wilson,14200,"Estadio Irapuato, Irapuato",Group stage,6/9/1986,2–0,,Mexico,1986,,Iraq
Hungary,France,0,,,3,,,Gyorgy Mezey,Imre Garaba,Henri Michel,Michel Platini,31420,"Nou Camp - Estadio Leï¿½n, Leon",Group stage,6/9/1986,0–3,,Mexico,1986,,Portugal
West Germany,Scotland,2,,,1,,,Franz Beckenbauer,Harald Schumacher,Alex Ferguson,Graeme Souness,30000,"Estadio Corregidora, Queretaro",Group stage,6/8/1986,2–1,,Mexico,1986,,Korea Republic
Iraq,Belgium,1,,,2,,,Evaristo,Raad Hammoudi,Guy Thys,Jan Ceulemans,20000,"Bombonera - Estadio Nemesio Diez, Toluca",Group stage,6/8/1986,1–2,,Mexico,1986,,Hungary
Denmark,Uruguay,6,,,1,,,Sepp Piontek,Morten Olsen,Omar Borras,Eduardo Acevedo,26500,"Neza, Nezahualcoyotl",Group stage,6/8/1986,6–1,,Mexico,1986,,Poland
Mexico,Paraguay,1,,,1,,,Bora Milutinovic,Tomás Boy,Cayetano Re,Rogelio Delgado,114600,"Estadio Azteca, Mexico City",Group stage,6/7/1986,1–1,,Mexico,1986,,Uruguay
Northern Ireland,Spain,1,,,2,,,Billy Bingham,Sammy McIlroy,Miguel Munoz,José Antonio Camacho,28000,"Tres de Marzo, Guadalajara",Group stage,6/7/1986,1–2,,Mexico,1986,,Belgium
Poland,Portugal,1,,,0,,,Antoni Piechniczek,Zbigniew Boniek,Jose Torres,Fernando Gomes,19915,"Estadio Universitario, Monterrey",Group stage,6/7/1986,1–0,,Mexico,1986,,Canada
Brazil,Algeria,1,,,0,,,Tele Santana,Edinho,Rabah Saadane,Mahmoud Guendouz,48000,"Jalisco, Guadalajara",Group stage,6/6/1986,1–0,,Mexico,1986,,Bulgaria
Hungary,Canada,2,,,0,,,Gyorgy Mezey,Antal Nagy,Tony Waiters,Bruce Wilson,13800,"Estadio Irapuato, Irapuato",Group stage,6/6/1986,2–0,,Mexico,1986,,
England,Morocco,0,,,0,,,Bobby Robson,Bryan Robson,Jose Faria,Ezzaki Badou,20200,"Tecnologico, Monterrey",Group stage,6/6/1986,0–0,,Mexico,1986,,
Italy,Argentina,1,,,1,,,Enzo Bearzot,Gaetano Scirea,Carlos Bilardo,Diego Maradona,32000,"Cuauhtemoc, Puebla",Group stage,6/5/1986,1–1,,Mexico,1986,,
France,Soviet Union,1,,,1,,,Henri Michel,Michel Platini,Valeriy Lobanovskyi,Anatoliy Demyanenko,36540,"Nou Camp - Estadio Leï¿½n, Leon",Group stage,6/5/1986,1–1,,Mexico,1986,,
Korea Republic,Bulgaria,1,,,1,,,Jung Nam Kim,Park Chang-sun,Ivan Vutsov,Georgi Dimitrov,45000,"Estadio Olï¿½mpico Universitario, Mexico City",Group stage,6/5/1986,1–1,,Mexico,1986,,
Paraguay,Iraq,1,,,0,,,Cayetano Re,Rogelio Delgado,Evaristo,Raad Hammoudi,24000,"Bombonera - Estadio Nemesio Diez, Toluca",Group stage,6/4/1986,1–0,,Mexico,1986,,
Uruguay,West Germany,1,,,1,,,Omar Borras,Jorge Barrios,Franz Beckenbauer,Harald Schumacher,30500,"Estadio Corregidora, Queretaro",Group stage,6/4/1986,1–1,,Mexico,1986,,
Scotland,Denmark,0,,,1,,,Alex Ferguson,Graeme Souness,Sepp Piontek,Morten Olsen,18000,"Neza, Nezahualcoyotl",Group stage,6/4/1986,0–1,,Mexico,1986,,
Belgium,Mexico,1,,,2,,,Guy Thys,Jan Ceulemans,Bora Milutinovic,Tomás Boy,110000,"Estadio Azteca, Mexico City",Group stage,6/3/1986,1–2,,Mexico,1986,,
Algeria,Northern Ireland,1,,,1,,,Rabah Saadane,Mahmoud Guendouz,Billy Bingham,Sammy McIlroy,22000,"Tres de Marzo, Guadalajara",Group stage,6/3/1986,1–1,,Mexico,1986,,
Portugal,England,1,,,0,,,Jose Torres,Manuel Bento,Bobby Robson,Bryan Robson,23000,"Tecnologico, Monterrey",Group stage,6/3/1986,1–0,,Mexico,1986,,
Soviet Union,Hungary,6,,,0,,,Valeriy Lobanovskyi,Anatoliy Demyanenko,Gyorgy Mezey,Antal Nagy,16500,"Estadio Irapuato, Irapuato",Group stage,6/2/1986,6–0,,Mexico,1986,,
Argentina,Korea Republic,3,,,1,,,Carlos Bilardo,Diego Maradona,Jung Nam Kim,Park Chang-sun,60000,"Estadio Olï¿½mpico Universitario, Mexico City",Group stage,6/2/1986,3–1,,Mexico,1986,,
Morocco,Poland,0,,,0,,,Jose Faria,Ezzaki Badou,Antoni Piechniczek,Zbigniew Boniek,19900,"Estadio Universitario, Monterrey",Group stage,6/2/1986,0–0,,Mexico,1986,,
Spain,Brazil,0,,,1,,,Miguel Munoz,José Antonio Camacho,Tele Santana,Edinho,35748,"Jalisco, Guadalajara",Group stage,6/1/1986,0–1,,Mexico,1986,,
Canada,France,0,,,1,,,Tony Waiters,Bruce Wilson,Henri Michel,Michel Platini,65500,"Nou Camp - Estadio Leï¿½n, Leon",Group stage,6/1/1986,0–1,,Mexico,1986,,
Bulgaria,Italy,1,,,1,,,Ivan Vutsov,Georgi Dimitrov,Enzo Bearzot,Gaetano Scirea,96000,"Estadio Azteca, Mexico City",Group stage,5/31/1986,1–1,,Mexico,1986,,
